{"schematics":[{"docType":1,"title":"Schematic","dataStr":{"head":{"docType":"1","editorVersion":"6.4.25","newgId":true,"c_para":{"Prefix Start":"1"},"c_spiceCmd":"null","hasIdFlag":true,"uuid":"767b41703e3341938e999a872212f799","x":"0","y":"0","portOfADImportHack":"","importFlag":0,"transformList":""},"canvas":"CA~1000~1000~#000000~none~#CCCCCC~5~1000~1000~line~5~pixel~5~0~0","shape":["LIB~0~-806~package`NONE`BOM_Manufacturer Part`?`spicePre`.`~~0~frame_lib_1~~~0~~yes~yes~~~#@$T~N~570.5~-809~0~#FFFFFF~Arial~~~~~comment~A~0~start~gge78~0~#@$PT~M 206 -796 L 206 -806 M 206 -10 L 206 0 M 402 -796 L 402 -806 M 402 -10 L 402 0 M 598 -796 L 598 -806 M 598 -10 L 598 0 M 794 -796 L 794 -806 M 794 -10 L 794 0 M 990 -796 L 990 -806 M 990 -10 L 990 0 M 10 -600 L 0 -600 M 1139 -600 L 1149 -600 M 10 -404 L 0 -404 M 1139 -404 L 1149 -404 M 10 -208 L 0 -208 M 1139 -208 L 1149 -208 M 10 -12 L 0 -12 M 1139 -12 L 1149 -12~#FFFFFF~1~0~none~gge6~0~frame_tick#@$T~P~571.5~-818~0~#FFFFFF~Arial~~~~~comment~A~0~start~gge77~0~#@$T~L~1.5~-698~0~#FFFFFF~~~~~~comment~A~1~start~gge7~0~frame_tick#@$T~L~1140.5~-698~0~#FFFFFF~~~~~~comment~A~1~start~gge9~0~frame_tick#@$T~L~1.5~-502~0~#FFFFFF~~~~~~comment~B~1~start~gge11~0~frame_tick#@$T~L~1140.5~-502~0~#FFFFFF~~~~~~comment~B~1~start~gge13~0~frame_tick#@$T~L~1.5~-306~0~#FFFFFF~~~~~~comment~C~1~start~gge15~0~frame_tick#@$T~L~1140.5~-306~0~#FFFFFF~~~~~~comment~C~1~start~gge17~0~frame_tick#@$T~L~1.5~-110~0~#FFFFFF~~~~~~comment~D~1~start~gge19~0~frame_tick#@$T~L~1140.5~-110~0~#FFFFFF~~~~~~comment~D~1~start~gge21~0~frame_tick#@$T~L~108~-797.5~0~#FFFFFF~~~~~~comment~1~1~start~gge23~0~frame_tick#@$T~L~108~-1.5~0~#FFFFFF~~~~~~comment~1~1~start~gge25~0~frame_tick#@$T~L~304~-797.5~0~#FFFFFF~~~~~~comment~2~1~start~gge27~0~frame_tick#@$T~L~304~-1.5~0~#FFFFFF~~~~~~comment~2~1~start~gge29~0~frame_tick#@$T~L~500~-797.5~0~#FFFFFF~~~~~~comment~3~1~start~gge31~0~frame_tick#@$T~L~500~-1.5~0~#FFFFFF~~~~~~comment~3~1~start~gge33~0~frame_tick#@$T~L~696~-797.5~0~#FFFFFF~~~~~~comment~4~1~start~gge35~0~frame_tick#@$T~L~696~-1.5~0~#FFFFFF~~~~~~comment~4~1~start~gge37~0~frame_tick#@$T~L~892~-797.5~0~#FFFFFF~~~~~~comment~5~1~start~gge39~0~frame_tick#@$T~L~892~-1.5~0~#FFFFFF~~~~~~comment~5~1~start~gge41~0~frame_tick#@$R~10~-796~~~1129~786~#FFFFFF~1~0~none~gge43~0~frame_innerbox#@$R~0~-806~~~1149~806~#FFFFFF~1~0~none~gge44~0~frame_outbox#@$R~694.99995~-90~~~444~80~#FFFFFF~1~0~none~gge45~0~frame_hitarea#@$PL~695.1 -50.75 1138.63 -50.75~#FFFFFF~1~0~none~gge46~0#@$PL~799.63 -30.75 1138.63 -30.75~#FFFFFF~1~0~none~gge47~0#@$PL~1059.61 -89.93 1059.63 -50.75~#FFFFFF~1~0~none~gge48~0#@$PL~1059.63 -50.75 1059.63 -30.75~#FFFFFF~1~0~none~gge49~0#@$T~L~699.99995~-77~0~#FFFFFF~~8pt~~~~comment~TITLE:~1~start~gge50~0~pinpart#@$T~L~757.62495~-64.41~0~#FFFFFF~~10pt~~~~comment~LM2575S-5.0~1~start~gge52~0~frame_title#@$T~L~1064.62495~-63.75~0~#FFFFFF~~8pt~~~~comment~REV:~1~start~gge54~0~pinpart#@$T~L~1102.62495~-63.75~0~#FFFFFF~~9pt~~~~comment~1.1~1~start~gge56~0~frame_version#@$T~L~804.62495~-15~0~#FFFFFF~~8pt~~~~comment~Date:~1~start~gge58~0~pinpart#@$T~L~851.62495~-14.52~0~#FFFFFF~~9pt~~~~comment~2021-12-03~1~start~gge60~0~frame_date#@$T~L~1063.62495~-35~0~#FFFFFF~~8pt~~~~comment~Sheet:~1~start~gge62~0~pinpart#@$T~L~1108.62495~-34.52~0~#FFFFFF~~9pt~~~~comment~1\/1~1~start~gge64~0~frame_sheet#@$T~L~943.62495~-14.75~0~#FFFFFF~~8pt~~~~comment~Drawn By:~1~start~gge66~0~pinpart#@$T~L~1008.63~-14.75~0~#FFFFFF~~9pt~~~~comment~Efkan G\u00fcvenir~1~start~gge68~0~frame_drawn#@$T~L~804.62495~-36.75~0~#FFFFFF~~8pt~~~~comment~Company:~1~start~gge70~0~pinpart#@$T~L~871.24995~-36.64~0~#FFFFFF~~9pt~~~~comment~Doruk Teknik~1~start~gge72~0~frame_company#@$PL~799.63 -50.75 799.63 -10.75~#FFFFFF~1~0~none~gge74~0","LIB~225~-705~package`TO-263-5_L10.2-W8.9-P1.70-TL`BOM_Supplier`LCSC`BOM_Manufacturer`TI`BOM_Manufacturer Part`LM2575SX-5.0\/NOPB`BOM_Supplier Part`C12061`BOM_JLCPCB Part Class`Extended Part`spicePre`U`spiceSymbolName`LM2575SX-5.0\/NOPB`~~0~gge5165a2b9cd185259~75e4ea35310747fdbf6f5a106a646145~c75b666559964ca2a9dc0252eef2be79~0~~yes~yes~1a135dc10ec240a8a4d2acc425789bef~1619329292~062954c71eeb43e7987a06baa01d8d59#@$T~N~205.03125~-746.671875~0~#FFFFFF~Arial~~~~~comment~LM2575S~1~start~gge459~0~#@$T~P~218.859375~-757.125~0~#FFFFFF~Arial~~~~~comment~U1~1~start~gge461~0~#@$P~show~0~1~265~-675~0~gge463~0^^265~-675^^M 265 -675 h -20~#FFFFFF^^1~243~-672~0~vin~end~~~#FFFFFF^^1~250~-676~0~1~start~~~#FFFFFF^^0~248~-675^^0~M 245 -678 L 242 -675 L 245 -672#@$P~show~0~2~265~-695~0~gge470~0^^265~-695^^M 265 -695 h -20~#FFFFFF^^1~243~-692~0~output~end~~~#FFFFFF^^1~250~-696~0~2~start~~~#FFFFFF^^0~248~-695^^0~M 245 -698 L 242 -695 L 245 -692#@$P~show~0~3~185~-705~180~gge477~0^^185~-705^^M 185 -705 h 20~#FFFFFF^^1~207~-702~0~ground~start~~~#FFFFFF^^1~200~-706~0~3~end~~~#FFFFFF^^0~202~-705^^0~M 205 -702 L 208 -705 L 205 -708#@$P~show~0~4~265~-715~0~gge484~0^^265~-715^^M 265 -715 h -20~#FFFFFF^^1~243~-712~0~feedback~end~~~#FFFFFF^^1~250~-716~0~4~start~~~#FFFFFF^^0~248~-715^^0~M 245 -718 L 242 -715 L 245 -712#@$P~show~0~5~265~-735~0~gge491~0^^265~-735^^M 265 -735 h -20~#FFFFFF^^1~243~-732~0~ON\/OFF~end~~~#FFFFFF^^1~250~-736~0~5~start~~~#FFFFFF^^0~248~-735^^0~M 245 -738 L 242 -735 L 245 -732#@$R~205~-745~~~40~80~#FFFFFF~1~0~none~gge498~0~#@$P~show~0~6~185~-685~180~gge499~0^^185~-685^^M 185 -685 h 20~#FFFFFF^^1~207~-682~0~TAB~start~~~#FFFFFF^^1~200~-686~0~6~end~~~#FFFFFF^^0~202~-685^^0~M 205 -682 L 208 -685 L 205 -688","F~part_netLabel_VCC~65~-720~0~gge1395~~0^^65~-720^^VIN~#FFFFFF~53~-732~0~start~1~Times New Roman~9pt~flag_gge5^^PL~65 -730 65 -720~#FFFFFF~1~0~transparent~gge1399~0^^PL~60 -730 70 -730~#FFFFFF~1~0~transparent~gge1400~0","F~part_netLabel_gnD~65~-700~0~gge1407~~0^^65~-700^^GND~#FFFFFF~52~-674~0~start~1~Times New Roman~9pt~flag_gge6^^PL~65 -690 65 -700~#FFFFFF~1~0~transparent~gge1411~0^^PL~56 -690 74 -690~#FFFFFF~1~0~transparent~gge1412~0^^PL~59 -688 71 -688~#FFFFFF~1~0~transparent~gge1413~0^^PL~62 -686 68 -686~#FFFFFF~1~0~transparent~gge1414~0^^PL~64 -684 66 -684~#FFFFFF~1~0~transparent~gge1415~0","W~65 -720 65 -715 60 -715~#FFFFFF~1~0~none~gge1425~0","W~60 -705 65 -705 65 -700~#FFFFFF~1~0~none~gge1426~0","F~part_netLabel_gnD~270~-735~90~gge1427~~0^^270~-735^^GND~#FFFFFF~286.5~-730.9375~0~start~1~Times New Roman~9pt~flag_gge7^^PL~280 -735 270 -735~#FFFFFF~1~0~transparent~gge1431~0^^PL~280 -726 280 -744~#FFFFFF~1~0~transparent~gge1432~0^^PL~282 -729 282 -741~#FFFFFF~1~0~transparent~gge1433~0^^PL~284 -732 284 -738~#FFFFFF~1~0~transparent~gge1434~0^^PL~286 -734 286 -736~#FFFFFF~1~0~transparent~gge1435~0","F~part_netLabel_gnD~180~-680~0~gge1436~~0^^180~-680^^GND~#FFFFFF~167.015625~-652.71875~0~start~1~Times New Roman~9pt~flag_gge8^^PL~180 -670 180 -680~#FFFFFF~1~0~transparent~gge1440~0^^PL~171 -670 189 -670~#FFFFFF~1~0~transparent~gge1441~0^^PL~174 -668 186 -668~#FFFFFF~1~0~transparent~gge1442~0^^PL~177 -666 183 -666~#FFFFFF~1~0~transparent~gge1443~0^^PL~179 -664 181 -664~#FFFFFF~1~0~transparent~gge1444~0","W~185 -705 180 -705 180 -680~#FFFFFF~1~0~none~gge1463~0","W~185 -685 180 -685~#FFFFFF~1~0~none~gge1464~0","W~270 -735 265 -735~#FFFFFF~1~0~none~gge1467~0","F~part_netLabel_VCC~275~-675~270~gge1469~~0^^275~-675^^VIN~#FFFFFF~286~-671~0~start~1~Times New Roman~9pt~flag_gge9^^PL~285 -675 275 -675~#FFFFFF~1~0~transparent~gge1473~0^^PL~285 -680 285 -670~#FFFFFF~1~0~transparent~gge1474~0","W~275 -675 265 -675~#FFFFFF~1~0~none~gge1475~0","F~part_netLabel_VCC~100~-735~0~gge1671~~0^^100~-735^^VIN~#FFFFFF~88~-747~0~start~1~Times New Roman~9pt~flag_gge10^^PL~100 -745 100 -735~#FFFFFF~1~0~transparent~gge1675~0^^PL~95 -745 105 -745~#FFFFFF~1~0~transparent~gge1676~0","F~part_netLabel_gnD~100~-685~0~gge1678~~0^^100~-685^^GND~#FFFFFF~87~-659~0~start~1~Times New Roman~9pt~flag_gge11^^PL~100 -675 100 -685~#FFFFFF~1~0~transparent~gge1682~0^^PL~91 -675 109 -675~#FFFFFF~1~0~transparent~gge1683~0^^PL~94 -673 106 -673~#FFFFFF~1~0~transparent~gge1684~0^^PL~97 -671 103 -671~#FFFFFF~1~0~transparent~gge1685~0^^PL~99 -669 101 -669~#FFFFFF~1~0~transparent~gge1686~0","W~100 -735 100 -730~#FFFFFF~1~0~none~gge1687~0","W~100 -690 100 -685~#FFFFFF~1~0~none~gge1688~0","W~265 -695 330 -695 330 -685~#FFFFFF~1~0~none~gge4001~0","F~part_netLabel_gnD~330~-640~0~gge4003~~0^^330~-640^^GND~#FFFFFF~317.015625~-612.71875~0~start~1~Times New Roman~9pt~flag_gge12^^PL~330 -630 330 -640~#FFFFFF~1~0~transparent~gge4007~0^^PL~321 -630 339 -630~#FFFFFF~1~0~transparent~gge4008~0^^PL~324 -628 336 -628~#FFFFFF~1~0~transparent~gge4009~0^^PL~327 -626 333 -626~#FFFFFF~1~0~transparent~gge4010~0^^PL~329 -624 331 -624~#FFFFFF~1~0~transparent~gge4011~0","W~330 -645 330 -640~#FFFFFF~1~0~none~gge4021~0","F~part_netLabel_+5V~530~-695~270~gge4100~~0^^530~-695^^Vout~#FFFFFF~540.5078125~-690.9375~0~start~1~Times New Roman~9pt~flag_gge13^^PL~540 -695 530 -695~#FFFFFF~1~0~transparent~gge4104~0^^PL~540 -700 540 -690~#FFFFFF~1~0~transparent~gge4105~0","F~part_netLabel_gnD~450~-650~0~gge4123~~0^^450~-650^^GND~#FFFFFF~437.015625~-622.703125~0~start~1~Times New Roman~9pt~flag_gge14^^PL~450 -640 450 -650~#FFFFFF~1~0~transparent~gge4127~0^^PL~441 -640 459 -640~#FFFFFF~1~0~transparent~gge4128~0^^PL~444 -638 456 -638~#FFFFFF~1~0~transparent~gge4129~0^^PL~447 -636 453 -636~#FFFFFF~1~0~transparent~gge4130~0^^PL~449 -634 451 -634~#FFFFFF~1~0~transparent~gge4131~0","W~450 -655 450 -650~#FFFFFF~1~0~none~gge4141~0","F~part_netLabel_gnD~605~-690~0~gge4160~~0^^605~-690^^GND~#FFFFFF~592~-662.83~0~start~1~Times New Roman~9pt~flag_gge15^^PL~605 -680 605 -690~#FFFFFF~1~0~transparent~gge4164~0^^PL~596 -680 614 -680~#FFFFFF~1~0~transparent~gge4165~0^^PL~599 -678 611 -678~#FFFFFF~1~0~transparent~gge4166~0^^PL~602 -676 608 -676~#FFFFFF~1~0~transparent~gge4167~0^^PL~604 -674 606 -674~#FFFFFF~1~0~transparent~gge4168~0","F~part_netLabel_+5V~605~-710~0~gge4200~~0^^605~-710^^Vout~#FFFFFF~593.74~-723.17~0~start~1~Times New Roman~9pt~flag_gge16^^PL~605 -720 605 -710~#FFFFFF~1~0~transparent~gge4204~0^^PL~600 -720 610 -720~#FFFFFF~1~0~transparent~gge4205~0","LIB~495~-675~package`LED1206-R-RD`BOM_Supplier`LCSC`BOM_Supplier Part`C192678`BOM_Manufacturer`TOGIALED`BOM_Manufacturer Part`TJ-S3216SW9TGLC2G-A5`Contributor`LCSC`BOM_JLCPCB Part Class`Extended Part`spicePre`L`spiceSymbolName`LED-1206`~270~0~gge80809772e3a2aa48~0a940a525b9c48ed84e36ff31ec5bcc7~578682a2a6bb4c65927bcd46a7a83d03~0~~yes~yes~bedde9d572484f5881a24aec84cb80fd~1636040860~fc9292e117a94f28bba465a0bfc00353#@$T~N~514~-662.5625~0~#FFFFFF~Arial~~~~~comment~LED-1206~0~start~gge4576~0~#@$T~P~508.34~-671.85~0~#FFFFFF~Arial~~~~~comment~LED1~1~start~gge4475~0~#@$PT~M 508 -660 L 506 -664 L 504 -662 Z ~#FFFFFF~1~0~#FFFFFF~gge4477~0~#@$PT~M 512 -664 L 510 -668 L 508 -666 Z ~#FFFFFF~1~0~#FFFFFF~gge4478~0~#@$P~show~0~2~495~-655~270~gge4479~0^^495~-655^^M 495 -655 v -15~#FFFFFF^^0~495~-674~270~K~start~~~#FFFFFF^^0~491~-666~270~2~end~~~#FFFFFF^^0~495~-667^^0~M 498 -670 L 495 -673 L 492 -670#@$PL~501 -667 508 -660~#FFFFFF~1~0~none~gge4486~0#@$PL~505 -671 512 -664~#FFFFFF~1~0~none~gge4487~0#@$P~show~0~1~495~-695~90~gge4488~0^^495~-695^^M 495 -695 v 15~#FFFFFF^^0~495~-676~270~A~end~~~#FFFFFF^^0~491~-684~270~1~start~~~#FFFFFF^^0~495~-683^^0~M 492 -680 L 495 -677 L 498 -680#@$PL~503 -670 487 -670~#FFFFFF~1~0~none~gge4495~0#@$PT~M 489 -680 L 495 -670 L 502 -680 Z ~#FFFFFF~1~0~#FFFFFF~gge4496~0~","LIB~495~-635~package`R0805`nameAlias`Value(\u03a9)`BOM_Supplier Part``BOM_Supplier``Contributor`LCEDA_Lib`spicePre`R`spiceSymbolName`R_0805_US`BOM_Manufacturer Part``~90~0~gge9210207888eeb149~b60f399a7a7e41848b2be1eb49c79141~9698a5ebc38f435fb5a5f9ff5b84927c~0~~yes~yes~~1586861910~#@$T~N~502~-622.8125~0~#FFFFFF~Arial~~~~~comment~1k~1~start~gge4523~0~#@$T~P~502.0078125~-631.6640625~0~#FFFFFF~Arial~~~~~comment~R1~1~start~gge4525~0~#@$PL~495 -650 500 -647~#FFFFFF~1~0~none~gge4527~0#@$PL~490 -642 500 -637~#FFFFFF~1~0~none~gge4528~0#@$PL~500 -647 490 -642~#FFFFFF~1~0~none~gge4529~0#@$P~show~0~2~495~-655~90~gge4530~0^^495~-655^^M 495 -655 v 5~#FFFFFF^^0~495~-646~270~2~end~~~#FFFFFF^^0~491~-654~270~2~start~~~#FFFFFF^^0~495~-653^^0~M 492 -650 L 495 -647 L 498 -650#@$PL~500 -628 490 -623~#FFFFFF~1~0~none~gge4537~0#@$PL~500 -637 490 -633~#FFFFFF~1~0~none~gge4538~0#@$PL~490 -633 500 -628~#FFFFFF~1~0~none~gge4539~0#@$PL~490 -623 495 -620~#FFFFFF~1~0~none~gge4540~0#@$P~show~0~1~495~-615~270~gge4541~0^^495~-615^^M 495 -615 v -5~#FFFFFF^^0~495~-624~270~1~start~~~#FFFFFF^^0~491~-616~270~1~end~~~#FFFFFF^^0~495~-617^^0~M 498 -620 L 495 -623 L 492 -620","F~part_netLabel_gnD~495~-610~0~gge4578~~0^^495~-610^^GND~#FFFFFF~482.015625~-582.703125~0~start~1~Times New Roman~9pt~flag_gge17^^PL~495 -600 495 -610~#FFFFFF~1~0~transparent~gge4582~0^^PL~486 -600 504 -600~#FFFFFF~1~0~transparent~gge4583~0^^PL~489 -598 501 -598~#FFFFFF~1~0~transparent~gge4584~0^^PL~492 -596 498 -596~#FFFFFF~1~0~transparent~gge4585~0^^PL~494 -594 496 -594~#FFFFFF~1~0~transparent~gge4586~0","W~495 -615 495 -610~#FFFFFF~1~0~none~gge4587~0","LIB~389~-697~package`COIL0507`Contributor`Micbelli`BOM_Manufacturer Part`COIL0507 series`BOM_Supplier Part`COIL0507-0.01 FERROCORE`BOM_Supplier`TME`BOM_Manufacturer`FERROCORE`spicePre`L`spiceSymbolName`COIL0507-0.01`~~0~gge0c414c6b675c3067~68fb8b9301c34baabd1a80d1f02d12dc~9f9784a65761448782297fda2ad70560~0~~yes~yes~~1624114701~#@$T~N~376.25~-706.6640625~0~#FFFFFF~Arial~~~~~comment~470uH~1~start~gge6318~0~#@$T~P~384.8125~-714.96875~0~#FFFFFF~Arial~~~~~comment~L1~1~start~gge6320~0~#@$A~M 369.685 -695 A 5.004 5.004 0 0 1 379.685 -695~~#FFFFFF~1~0~none~gge6322~0#@$A~M 379.685 -695 A 5.004 5.004 0 0 1 389.685 -695~~#FFFFFF~1~0~none~gge6323~0#@$A~M 389.685 -695 A 5.004 5.004 0 0 1 399.685 -695~~#FFFFFF~1~0~none~gge6324~0#@$A~M 399.685 -695 A 5.004 5.004 0 0 1 409.685 -695~~#FFFFFF~1~0~none~gge6325~0#@$P~show~3~1~350~-695~180~gge6326~0^^350~-695^^M 350 -695 h 19.685~#FFFFFF^^0~379.21~-692.047~0~1~start~~4.5pt~#FFFFFF^^1~357.56~-696.97~0~1~end~~4.5pt~#FFFFFF^^0~366~-695^^0~M 369 -692 L 372 -695 L 369 -698#@$P~show~3~2~430~-695~0~gge6333~0^^430~-695^^M 430 -695 h -19.685~#FFFFFF^^0~400.16~-692.047~0~2~end~~4.5pt~#FFFFFF^^1~421.81~-696.97~0~2~start~~4.5pt~#FFFFFF^^0~414~-695^^0~M 411 -698 L 408 -695 L 411 -692","W~350 -695 330 -695~#FFFFFF~1~0~none~gge6365~0","W~530 -695 430 -695~#FFFFFF~1~0~none~gge6367~0","F~part_netLabel_netPort~270~-715~180~gge6376~~0^^270~-715^^feedBack~#FFFFFF~291.52~-712.78~0~start~1~Times New Roman~8pt~flag_gge18^^PL~270 -715 275 -720 290 -720 290 -710 275 -710 270 -715~#FFFFFF~1~0~transparent~gge6380~0","W~265 -715 270 -715~#FFFFFF~1~0~none~gge6386~0","LIB~85~-485~package`R0805`nameAlias`Value(\u03a9)`BOM_Supplier Part``BOM_Supplier``Contributor`LCEDA_Lib`spicePre`R`spiceSymbolName`R_0805_US`BOM_Manufacturer Part``~90~0~ggeaa3214505a5f43e3~b60f399a7a7e41848b2be1eb49c79141~9698a5ebc38f435fb5a5f9ff5b84927c~0~~yes~yes~~1586861910~#@$T~N~93.78125~-476.8515625~0~#FFFFFF~Arial~~~~~comment~adj~1~start~gge6454~0~#@$T~P~94.0390625~-486.8515625~0~#FFFFFF~Arial~~~~~comment~R3~1~start~gge6456~0~#@$PL~85 -500 90 -497~#FFFFFF~1~0~none~gge6458~0#@$PL~80 -492 90 -487~#FFFFFF~1~0~none~gge6459~0#@$PL~90 -497 80 -492~#FFFFFF~1~0~none~gge6460~0#@$P~show~0~2~85~-505~90~gge6461~0^^85~-505^^M 85 -505 v 5~#FFFFFF^^0~85~-496~270~2~end~~~#FFFFFF^^0~81~-504~270~2~start~~~#FFFFFF^^0~85~-503^^0~M 82 -500 L 85 -497 L 88 -500#@$PL~90 -478 80 -473~#FFFFFF~1~0~none~gge6468~0#@$PL~90 -487 80 -483~#FFFFFF~1~0~none~gge6469~0#@$PL~80 -483 90 -478~#FFFFFF~1~0~none~gge6470~0#@$PL~80 -473 85 -470~#FFFFFF~1~0~none~gge6471~0#@$P~show~0~1~85~-465~270~gge6472~0^^85~-465^^M 85 -465 v -5~#FFFFFF^^0~85~-474~270~1~start~~~#FFFFFF^^0~81~-466~270~1~end~~~#FFFFFF^^0~85~-467^^0~M 88 -470 L 85 -473 L 82 -470","LIB~85~-435~package`R0805`nameAlias`Value(\u03a9)`BOM_Supplier Part``BOM_Supplier``Contributor`LCEDA_Lib`spicePre`R`spiceSymbolName`R_0805_US`BOM_Manufacturer Part``~90~0~gge77f8d6789ce1b616~b60f399a7a7e41848b2be1eb49c79141~9698a5ebc38f435fb5a5f9ff5b84927c~0~~yes~yes~~1586861910~#@$T~N~92~-422.75~0~#FFFFFF~Arial~~~~~comment~adj~1~start~gge6485~0~#@$T~P~92.0078125~-431.8515625~0~#FFFFFF~Arial~~~~~comment~R2~1~start~gge6487~0~#@$PL~85 -450 90 -447~#FFFFFF~1~0~none~gge6489~0#@$PL~80 -442 90 -437~#FFFFFF~1~0~none~gge6490~0#@$PL~90 -447 80 -442~#FFFFFF~1~0~none~gge6491~0#@$P~show~0~2~85~-455~90~gge6492~0^^85~-455^^M 85 -455 v 5~#FFFFFF^^0~85~-446~270~2~end~~~#FFFFFF^^0~81~-454~270~2~start~~~#FFFFFF^^0~85~-453^^0~M 82 -450 L 85 -447 L 88 -450#@$PL~90 -428 80 -423~#FFFFFF~1~0~none~gge6499~0#@$PL~90 -437 80 -433~#FFFFFF~1~0~none~gge6500~0#@$PL~80 -433 90 -428~#FFFFFF~1~0~none~gge6501~0#@$PL~80 -423 85 -420~#FFFFFF~1~0~none~gge6502~0#@$P~show~0~1~85~-415~270~gge6503~0^^85~-415^^M 85 -415 v -5~#FFFFFF^^0~85~-424~270~1~start~~~#FFFFFF^^0~81~-416~270~1~end~~~#FFFFFF^^0~85~-417^^0~M 88 -420 L 85 -423 L 82 -420","F~part_netLabel_+5V~85~-510~0~gge6514~~0^^85~-510^^Vout~#FFFFFF~74.2734375~-523.09375~0~start~1~Times New Roman~9pt~flag_gge19^^PL~85 -520 85 -510~#FFFFFF~1~0~transparent~gge6518~0^^PL~80 -520 90 -520~#FFFFFF~1~0~transparent~gge6519~0","F~part_netLabel_netPort~80~-460~0~gge6521~~0^^80~-460^^feedBack~#FFFFFF~18.02~-454.86~0~start~1~Times New Roman~8pt~flag_gge20^^PL~80 -460 75 -455 60 -455 60 -465 75 -465 80 -460~#FFFFFF~1~0~transparent~gge6525~0","F~part_netLabel_gnD~85~-410~0~gge6527~~0^^85~-410^^GND~#FFFFFF~72.015625~-382.71875~0~start~1~Times New Roman~9pt~flag_gge21^^PL~85 -400 85 -410~#FFFFFF~1~0~transparent~gge6531~0^^PL~76 -400 94 -400~#FFFFFF~1~0~transparent~gge6532~0^^PL~79 -398 91 -398~#FFFFFF~1~0~transparent~gge6533~0^^PL~82 -396 88 -396~#FFFFFF~1~0~transparent~gge6534~0^^PL~84 -394 86 -394~#FFFFFF~1~0~transparent~gge6535~0","W~85 -415 85 -410~#FFFFFF~1~0~none~gge6536~0","W~85 -455 85 -465~#FFFFFF~1~0~none~gge6537~0","W~80 -460 85 -460~#FFFFFF~1~0~none~gge6538~0","W~85 -505 85 -510~#FFFFFF~1~0~none~gge6540~0","T~L~35~-540~0~#FFFFFF~~9pt~~~~comment~Ayarl\u0131 Voltaj \u0130\u00e7in;~1~start~gge6542~0~pinpart","T~L~110~-480~0~#FFFFFF~~9pt~undefined~undefined~~comment~Sabit Voltaj \u0130stiyorsan\u0131z R3'e 0ohm diren\u00e7 tak\u0131n~1~start~gge6552~0~pinpart","LIB~100~-710~package`CAP-D6.3\u00d7F2.5`nameAlias`Value(F)`BOM_Supplier Part``BOM_Supplier``Contributor`LCEDA_Lib`spicePre`C`spiceSymbolName`CE_TH_D6.3\u00d7F2.5_US`BOM_Manufacturer Part``~270~0~ggee875dc5210655d87~f22f57806f1b484c9525ae585bd9e142~decd6f6d3af642e7af4bce30b1197f3b~0~~yes~yes~~1586863646~#@$T~N~112~-697.84~0~#FFFFFF~Arial~~~~~comment~100uF~1~start~gge6723~0~#@$T~P~112~-706.43~0~#FFFFFF~Arial~~~~~comment~C1~1~start~gge6725~0~#@$P~show~0~1~100~-730~270~gge6727~0^^100~-730^^M 100 -730 v 17~#FFFFFF^^0~103~-710~270~1~end~~~#FFFFFF^^0~99~-719~270~1~start~~~#FFFFFF^^0~100~-710^^0~M 103 -713 L 100 -716 L 97 -713#@$P~show~0~2~100~-690~90~gge6734~0^^100~-690^^M 100 -690 v -19~#FFFFFF^^0~103~-712~270~2~start~~~#FFFFFF^^0~99~-703~270~2~end~~~#FFFFFF^^0~100~-712^^0~M 97 -709 L 100 -706 L 103 -709#@$PL~110 -713 90 -713~#FFFFFF~1~0~none~gge6741~0#@$A~M 100 -709 A 16.0836 16.0836 0 0 0 90 -706~~#FFFFFF~1~0~none~gge6742~0#@$A~M 110 -706 A 16.2917 16.2917 0 0 0 100 -709~~#FFFFFF~1~0~none~gge6743~0#@$R~103~-718~~~4~0.1~#FFFFFF~1~0~#FFFFFF~gge6744~0~#@$R~104.9~-720~~~0.1~4~#FFFFFF~1~0~#FFFFFF~gge6745~0~","LIB~450~-675~package`CAP-D6.3\u00d7F2.5`nameAlias`Value(F)`BOM_Supplier Part``BOM_Supplier``Contributor`LCEDA_Lib`spicePre`C`spiceSymbolName`CE_TH_D6.3\u00d7F2.5_US`BOM_Manufacturer Part``~270~0~ggeb5338b5cb2108549~f22f57806f1b484c9525ae585bd9e142~decd6f6d3af642e7af4bce30b1197f3b~0~~yes~yes~~1586863646~#@$T~N~456.77~-661.81~0~#FFFFFF~Arial~~~~~comment~330uF~1~start~gge6750~0~#@$T~P~462~-671.43~0~#FFFFFF~Arial~~~~~comment~C2~1~start~gge6752~0~#@$P~show~0~1~450~-695~270~gge6754~0^^450~-695^^M 450 -695 v 17~#FFFFFF^^0~453~-675~270~1~end~~~#FFFFFF^^0~449~-684~270~1~start~~~#FFFFFF^^0~450~-675^^0~M 453 -678 L 450 -681 L 447 -678#@$P~show~0~2~450~-655~90~gge6761~0^^450~-655^^M 450 -655 v -19~#FFFFFF^^0~453~-677~270~2~start~~~#FFFFFF^^0~449~-668~270~2~end~~~#FFFFFF^^0~450~-677^^0~M 447 -674 L 450 -671 L 453 -674#@$PL~460 -678 440 -678~#FFFFFF~1~0~none~gge6768~0#@$A~M 450 -674 A 16.0836 16.0836 0 0 0 440 -671~~#FFFFFF~1~0~none~gge6769~0#@$A~M 460 -671 A 16.2917 16.2917 0 0 0 450 -674~~#FFFFFF~1~0~none~gge6770~0#@$R~453~-683~~~4~0.1~#FFFFFF~1~0~#FFFFFF~gge6771~0~#@$R~454.9~-685~~~0.1~4~#FFFFFF~1~0~#FFFFFF~gge6772~0~","W~610 -695 605 -695 605 -690~#FFFFFF~1~0~none~gge6844~0","W~610 -705 605 -705 605 -710~#FFFFFF~1~0~none~gge6845~0","J~180~-685~2.5~#FFFFFF~gge1465~0","J~330~-695~2.5~#FFFFFF~gge6366~0","J~495~-695~2.5~#FFFFFF~gge6375~0","J~85~-460~2.5~#FFFFFF~gge6539~0","J~450~-695~2.5~#FFFFFF~gge6773~0","LIB~330~-665~package`DO-214A`BOM_Supplier`LCSC`BOM_Manufacturer Part`SS36`BOM_Manufacturer`MDD`BOM_Supplier Part`C16015`BOM_JLCPCB Part Class`Extended Part`spicePre`D`spiceSymbolName`SS36 DO-214`~270~0~gge6997~7545f4a3889840b3905269da63b7f88f~46aad6cc66ad470f9fed5b391cea3777~0~~yes~yes~62070f28728c4d769a7e2ad7905682dc~1638727406~53311154210d4264852c04985089fe3e#@$T~N~338.59375~-656.84375~0~#FFFFFF~Arial~~~~~comment~SS36~1~start~gge6918~0~#@$T~P~344.0390625~-666.8515625~0~#FFFFFF~Arial~~~~~comment~D1~1~start~gge6920~0~#@$P~show~0~2~330~-645~270~gge6998~0^^330~-645^^M 330 -645 v -15~#FFFFFF^^0~333~-663~270~A~start~~~#FFFFFF^^0~329~-654~270~2~end~~~#FFFFFF^^0~330~-657^^0~M 333 -660 L 330 -663 L 327 -660#@$P~show~0~1~330~-685~90~gge7005~0^^330~-685^^M 330 -685 v 15~#FFFFFF^^0~333~-667~270~K~end~~~#FFFFFF^^0~329~-676~270~1~start~~~#FFFFFF^^0~330~-673^^0~M 327 -670 L 330 -667 L 333 -670#@$PL~336 -673 337 -673 337 -671 322 -671 322 -669 323 -669~#FFFFFF~1~0~none~gge7012~0#@$PT~M 336 -660 L 330 -670 L 323 -660 Z ~#FFFFFF~1~0~#FFFFFF~gge7013~0~","LIB~40~-710~package`CONN-TH_XHB-2A`BOM_Supplier`LCSC`BOM_Supplier Part`C722896`BOM_Manufacturer`CAX`BOM_Manufacturer Part`XHB-2A`Contributor`LCSC`BOM_JLCPCB Part Class`Extended Part`spicePre`C`spiceSymbolName`Tunik Konnekt\u00f6r-XHB-2A_2.5`~180~0~gge7037~40d41f1c6f10436fa8458998ab22b7c7~1ed304665e564f7c845b21124363cc0f~0~~yes~yes~a47ed8e333b44f7ca0e14e2a8a47f09b~1638725546~9e0bdc69887f462f8c77b7776b78cc2b#@$T~N~36.67~-728~0~#FFFFFF~Arial~~~~~comment~Tunik Konnekt\u00f6r-XHB-2A_2.5~0~start~gge6817~0~#@$T~P~30.66~-726.78~0~#FFFFFF~Arial~~~~~comment~CN1~1~start~gge6777~0~#@$R~30~-725~2~2~20~30~#FFFFFF~1~0~none~gge7038~0~#@$E~45~-700~1.5~1.5~#FFFFFF~1~0~#FFFFFF~gge7039~0#@$P~show~0~1~60~-705~0~gge7040~0^^60~-705^^M 60 -705 h -10~#FFFFFF^^1~46.3~-701~0~1~end~~~#FFFFFF^^1~50.5~-706~0~1~start~~~#FFFFFF^^0~53~-705^^0~M 50 -708 L 47 -705 L 50 -702#@$P~show~0~2~60~-715~0~gge7047~0^^60~-715^^M 60 -715 h -10~#FFFFFF^^1~46.3~-711~0~2~end~~~#FFFFFF^^1~50.5~-716~0~2~start~~~#FFFFFF^^0~53~-715^^0~M 50 -718 L 47 -715 L 50 -712","LIB~630~-700~package`CONN-TH_XHB-2A`BOM_Supplier`LCSC`BOM_Supplier Part`C722896`BOM_Manufacturer`CAX`BOM_Manufacturer Part`XHB-2A`Contributor`LCSC`BOM_JLCPCB Part Class`Extended Part`spicePre`C`spiceSymbolName`Tunik Konnekt\u00f6r-XHB-2A_2.5`~~0~gge7054~40d41f1c6f10436fa8458998ab22b7c7~1ed304665e564f7c845b21124363cc0f~0~~yes~yes~a47ed8e333b44f7ca0e14e2a8a47f09b~1638725546~9e0bdc69887f462f8c77b7776b78cc2b#@$T~N~614.93~-718~0~#FFFFFF~Arial~~~~~comment~Tunik Konnekt\u00f6r-XHB-2A_2.5~0~start~gge6821~0~#@$T~P~620.67~-716.74~0~#FFFFFF~Arial~~~~~comment~CN2~1~start~gge6823~0~#@$R~620~-715~2~2~20~30~#FFFFFF~1~0~none~gge7055~0~#@$E~625~-710~1.5~1.5~#FFFFFF~1~0~#FFFFFF~gge7056~0#@$P~show~0~1~610~-705~180~gge7057~0^^610~-705^^M 610 -705 h 10~#FFFFFF^^1~623.7~-701~0~1~start~~~#FFFFFF^^1~619.5~-706~0~1~end~~~#FFFFFF^^0~617~-705^^0~M 620 -702 L 623 -705 L 620 -708#@$P~show~0~2~610~-695~180~gge7064~0^^610~-695^^M 610 -695 h 10~#FFFFFF^^1~623.7~-691~0~2~start~~~#FFFFFF^^1~619.5~-696~0~2~end~~~#FFFFFF^^0~617~-695^^0~M 620 -692 L 623 -695 L 620 -698"],"BBox":{"x":0,"y":-806.5,"width":1149,"height":807},"colors":{"background":"#000000","grid":"#CCCCCC","select":"#FF0000","wire":"#FFFFFF","bus":"#FFFFFF","busEntry":"#FFFFFF","netLabel":"#FFFFFF","netFlag":"#FFFFFF","noConnect":"#FFFFFF","voltageProbe":"#FFFFFF","pin":"#FFFFFF","pinName":"#FFFFFF","pinNumber":"#FFFFFF","partGraphics":"#FFFFFF","partGraphicsName":"#FFFFFF","partGraphicsPrefix":"#FFFFFF","sheet":"#FFFFFF","draw":"#FFFFFF","drawFill":"#FFFFFF","text":"#FFFFFF","arrow":"#FFFFFF","junction":"#FFFFFF"}}}],"docType":5,"title":"LM2575S Basic Board","name":"LM2575S Basic Board"}