{"schematics":[{"docType":1,"title":"\u015eematik","dataStr":{"head":{"docType":"1","editorVersion":"6.4.25","newgId":true,"c_para":{"Prefix Start":"1"},"c_spiceCmd":"null","hasIdFlag":true,"uuid":"1372d6dd30754c0b8e229fd86b2ea7b4","x":"350","y":"-480","portOfADImportHack":"","importFlag":0,"transformList":""},"canvas":"CA~1000~1000~#FFFFFF~yes~#CCCCCC~10~1000~1000~line~5~pixel~5~350~-480","shape":["LIB~0~-806~package`NONE`BOM_Manufacturer Part`?`spicePre`.`~~0~frame_lib_1~~~0~~yes~yes~~~#@$T~N~570.609375~-809~0~#880000~Arial~~~~~comment~A~0~start~gge78~0~#@$PT~M 206 -796 L 206 -806 M 206 -10 L 206 0 M 402 -796 L 402 -806 M 402 -10 L 402 0 M 598 -796 L 598 -806 M 598 -10 L 598 0 M 794 -796 L 794 -806 M 794 -10 L 794 0 M 990 -796 L 990 -806 M 990 -10 L 990 0 M 10 -600 L 0 -600 M 1139 -600 L 1149 -600 M 10 -404 L 0 -404 M 1139 -404 L 1149 -404 M 10 -208 L 0 -208 M 1139 -208 L 1149 -208 M 10 -12 L 0 -12 M 1139 -12 L 1149 -12~#880000~1~0~none~gge6~0~frame_tick#@$T~P~571.7265625~-818.234375~0~#880000~Arial~~~~~comment~A~0~start~gge77~0~#@$T~L~1.5~-698~0~#880000~~~~~~comment~A~1~start~gge7~0~frame_tick#@$T~L~1140.5~-698~0~#880000~~~~~~comment~A~1~start~gge9~0~frame_tick#@$T~L~1.5~-502~0~#880000~~~~~~comment~B~1~start~gge11~0~frame_tick#@$T~L~1140.5~-502~0~#880000~~~~~~comment~B~1~start~gge13~0~frame_tick#@$T~L~1.5~-306~0~#880000~~~~~~comment~C~1~start~gge15~0~frame_tick#@$T~L~1140.5~-306~0~#880000~~~~~~comment~C~1~start~gge17~0~frame_tick#@$T~L~1.5~-110~0~#880000~~~~~~comment~D~1~start~gge19~0~frame_tick#@$T~L~1140.5~-110~0~#880000~~~~~~comment~D~1~start~gge21~0~frame_tick#@$T~L~108~-797.5~0~#880000~~~~~~comment~1~1~start~gge23~0~frame_tick#@$T~L~108~-1.5~0~#880000~~~~~~comment~1~1~start~gge25~0~frame_tick#@$T~L~304~-797.5~0~#880000~~~~~~comment~2~1~start~gge27~0~frame_tick#@$T~L~304~-1.5~0~#880000~~~~~~comment~2~1~start~gge29~0~frame_tick#@$T~L~500~-797.5~0~#880000~~~~~~comment~3~1~start~gge31~0~frame_tick#@$T~L~500~-1.5~0~#880000~~~~~~comment~3~1~start~gge33~0~frame_tick#@$T~L~696~-797.5~0~#880000~~~~~~comment~4~1~start~gge35~0~frame_tick#@$T~L~696~-1.5~0~#880000~~~~~~comment~4~1~start~gge37~0~frame_tick#@$T~L~892~-797.5~0~#880000~~~~~~comment~5~1~start~gge39~0~frame_tick#@$T~L~892~-1.5~0~#880000~~~~~~comment~5~1~start~gge41~0~frame_tick#@$R~10~-796~~~1129~786~#880000~1~0~none~gge43~0~frame_innerbox#@$R~0~-806~~~1149~806~#880000~1~0~none~gge44~0~frame_outbox#@$R~694.99995~-90~~~444~80~#880000~1~0~none~gge45~0~frame_hitarea#@$PL~695.1 -50.75 1138.63 -50.75~#880000~1~0~none~gge46~0#@$PL~799.63 -30.75 1138.63 -30.75~#880000~1~0~none~gge47~0#@$PL~1059.61 -89.93 1059.63 -50.75~#880000~1~0~none~gge48~0#@$PL~1059.63 -50.75 1059.63 -30.75~#880000~1~0~none~gge49~0#@$T~L~699.99995~-77~0~#880000~~8pt~~~~comment~TITLE:~1~start~gge50~0~pinpart#@$T~L~780~-65~0~#880000~~14pt~~~~comment~ESP8266 Basic Circuit~1~start~gge52~0~frame_title#@$T~L~1064.62495~-63.75~0~#880000~~8pt~~~~comment~REV:~1~start~gge54~0~pinpart#@$T~L~1060~-75~0~#880000~helvetica~9pt~~~~comment~V1.0 (Beta_6)~1~start~gge56~0~frame_version#@$T~L~804.62495~-15~0~#880000~~8pt~~~~comment~Date:~1~start~gge58~0~pinpart#@$T~L~835~-15~0~#880000~~9pt~~~~comment~2021-10-30~1~start~gge60~0~frame_date#@$T~L~1063.62495~-35~0~#880000~~8pt~~~~comment~Sheet:~1~start~gge62~0~pinpart#@$T~L~1108.62495~-34.52~0~#880000~~9pt~~~~comment~1\/1~1~start~gge64~0~frame_sheet#@$T~L~943.62495~-14.75~0~#880000~~8pt~~~~comment~Drawn By:~1~start~gge66~0~pinpart#@$T~L~1008.63~-14.75~0~#880000~~9pt~~~~comment~Efkan G\u00fcvenir~1~start~gge68~0~frame_drawn#@$T~L~804.62495~-36.75~0~#880000~~8pt~~~~comment~Company:~1~start~gge70~0~pinpart#@$T~L~871.24995~-36.64~0~#880000~~9pt~~~~comment~Doruk Teknik~1~start~gge72~0~frame_company#@$PL~799.63 -50.75 799.63 -10.75~#880000~1~0~none~gge74~0","LIB~190~-710~package`SOT-223-3_L6.5-W3.4-P2.30-LS7.0-BR`sourceId`dwIGgezVh`timeStamp`1476261164`BOM_Supplier`LCSC`BOM_Manufacturer`AMS`BOM_Manufacturer Part`AMS1117-3.3`BOM_Supplier Part`C6186`BOM_JLCPCB Part Class`Basic Part`spicePre`U`spiceSymbolName`AMS1117-3.3`~180~0~gge0af41070c918a9e9~02ae667aca734971be8a5f58143dd564~588dac9f81df8f83843513972963b454~0~~yes~yes~e4be7dad7cc74fb98f0634baaed6aa42~1588741625~2f84d1299d984340b0892d9664b73427#@$T~N~162.3515625~-731.6640625~0~#000080~Arial~~~~~comment~AMS1117-3.3~1~start~gge113~0~#@$T~P~184.0390625~-742~0~#000080~Arial~~~~~comment~U1~1~start~gge115~0~#@$R~155~-730~2~2~70~40~#880000~1~0~none~gge117~0~#@$E~220~-695~1.5~1.5~#880000~1~0~#880000~gge118~0#@$P~show~0~1~235~-700~0~gge119~0^^235~-700^^M 235 -700 h -10~#880000^^1~221.3~-696~0~GND\/ADJ~end~~~#0000FF^^1~225.5~-701~0~1~start~~~#0000FF^^0~228~-700^^0~M 225 -703 L 222 -700 L 225 -697#@$P~show~2~2~235~-710~0~gge126~0^^235~-710^^M 235 -710 h -10~#880000^^1~221.3~-706~0~Vout~end~~~#0000FF^^1~225.5~-711~0~2~start~~~#0000FF^^0~228~-710^^0~M 225 -713 L 222 -710 L 225 -707#@$P~show~1~3~235~-720~0~gge133~0^^235~-720^^M 235 -720 h -10~#880000^^1~221.3~-716~0~Vin~end~~~#0000FF^^1~225.5~-721~0~3~start~~~#0000FF^^0~228~-720^^0~M 225 -723 L 222 -720 L 225 -717#@$P~show~2~4~145~-710~180~gge140~0^^145~-710^^M 145 -710 h 10~#880000^^1~158.7~-706~0~Vout~start~~~#0000FF^^1~154.5~-711~0~4~end~~~#0000FF^^0~152~-710^^0~M 155 -707 L 158 -710 L 155 -713","F~part_netLabel_VCC~50~-715~0~gge308~~0^^50~-715^^VCC~#000000~38~-727~0~start~1~Times New Roman~9pt~flag_gge5^^PL~50 -725 50 -715~#000000~1~0~transparent~gge312~0^^PL~45 -725 55 -725~#000000~1~0~transparent~gge313~0","F~part_netLabel_gnD~50~-705~0~gge329~~0^^50~-705^^GND~#000000~37.015625~-678~0~start~1~Times New Roman~9pt~flag_gge6^^PL~50 -695 50 -705~#000000~1~0~transparent~gge333~0^^PL~41 -695 59 -695~#000000~1~0~transparent~gge334~0^^PL~44 -693 56 -693~#000000~1~0~transparent~gge335~0^^PL~47 -691 53 -691~#000000~1~0~transparent~gge336~0^^PL~49 -689 51 -689~#000000~1~0~transparent~gge337~0","W~40 -715 50 -715~#008800~1~0~none~gge347~0","W~50 -705 40 -705~#008800~1~0~none~gge348~0","F~part_netLabel_gnD~235~-695~0~gge349~~0^^235~-695^^GND~#000000~222.015625~-668~0~start~1~Times New Roman~9pt~flag_gge7^^PL~235 -685 235 -695~#000000~1~0~transparent~gge353~0^^PL~226 -685 244 -685~#000000~1~0~transparent~gge354~0^^PL~229 -683 241 -683~#000000~1~0~transparent~gge355~0^^PL~232 -681 238 -681~#000000~1~0~transparent~gge356~0^^PL~234 -679 236 -679~#000000~1~0~transparent~gge357~0","F~part_netLabel_VCC~235~-730~0~gge367~~0^^235~-730^^VCC~#000000~223~-742~0~start~1~Times New Roman~9pt~flag_gge8^^PL~235 -740 235 -730~#000000~1~0~transparent~gge371~0^^PL~230 -740 240 -740~#000000~1~0~transparent~gge372~0","F~part_netLabel_+5V~250~-710~0~gge379~~0^^250~-710^^3V3~#000000~239.6796875~-723.09375~0~start~1~Times New Roman~9pt~flag_gge9^^PL~250 -720 250 -710~#000000~1~0~transparent~gge383~0^^PL~245 -720 255 -720~#000000~1~0~transparent~gge384~0","W~235 -720 235 -730~#008800~1~0~none~gge391~0","W~250 -710 235 -710~#008800~1~0~none~gge392~0","W~235 -700 235 -695~#008800~1~0~none~gge393~0","LIB~70~-710~package`C0805`nameAlias`Value(F)`BOM_Supplier Part``BOM_Supplier``Contributor`LCEDA_Lib`spicePre`C`spiceSymbolName`C_0805_US`BOM_Manufacturer Part``~90~0~gge2980e2cfa7a7ea11~2ee8eb13a0124a108e622ce40c0c25a8~b82150387a2041b4afd55b90c79c5923~0~~yes~yes~~1586863213~#@$T~N~80~-697.8125~0~#000080~Arial~~~~~comment~10uf~1~start~gge395~0~#@$T~P~80.0078125~-706.6640625~0~#000080~Arial~~~~~comment~C1~1~start~gge397~0~#@$PL~78 -708 62 -708~#880000~1~0~none~gge399~0#@$P~show~0~1~70~-690~270~gge400~0^^70~-690^^M 70 -700 v 10~#880000^^0~70~-704~270~1~start~~~#0000FF^^0~66~-696~270~1~end~~~#0000FF^^0~70~-677^^0~M 73 -680 L 70 -683 L 67 -680#@$PL~70 -720 70 -712~#880000~1~0~none~gge407~0#@$PL~62 -712 78 -712~#880000~1~0~none~gge408~0#@$P~show~0~2~70~-730~90~gge409~0^^70~-730^^M 70 -720 v -10~#880000^^0~70~-716~270~2~end~~~#0000FF^^0~66~-724~270~2~start~~~#0000FF^^0~70~-743^^0~M 67 -740 L 70 -737 L 73 -740#@$PL~70 -708 70 -700~#880000~1~0~none~gge416~0","LIB~320~-710~package`C0805`nameAlias`Value(F)`BOM_Supplier Part``BOM_Supplier``Contributor`LCEDA_Lib`spicePre`C`spiceSymbolName`C_0805_US`BOM_Manufacturer Part``~90~0~gge465c980890283ccf~2ee8eb13a0124a108e622ce40c0c25a8~b82150387a2041b4afd55b90c79c5923~0~~yes~yes~~1586863213~#@$T~N~330~-697.8125~0~#000080~Arial~~~~~comment~1uf~1~start~gge441~0~#@$T~P~330.0078125~-706.6640625~0~#000080~Arial~~~~~comment~C4~1~start~gge443~0~#@$PL~328 -708 312 -708~#880000~1~0~none~gge445~0#@$P~show~0~1~320~-690~270~gge446~0^^320~-690^^M 320 -700 v 10~#880000^^0~320~-704~270~1~start~~~#0000FF^^0~316~-696~270~1~end~~~#0000FF^^0~320~-677^^0~M 323 -680 L 320 -683 L 317 -680#@$PL~320 -720 320 -712~#880000~1~0~none~gge453~0#@$PL~312 -712 328 -712~#880000~1~0~none~gge454~0#@$P~show~0~2~320~-730~90~gge455~0^^320~-730^^M 320 -720 v -10~#880000^^0~320~-716~270~2~end~~~#0000FF^^0~316~-724~270~2~start~~~#0000FF^^0~320~-743^^0~M 317 -740 L 320 -737 L 323 -740#@$PL~320 -708 320 -700~#880000~1~0~none~gge462~0","F~part_netLabel_VCC~70~-735~0~gge487~~0^^70~-735^^VCC~#000000~58~-747~0~start~1~Times New Roman~9pt~flag_gge10^^PL~70 -745 70 -735~#000000~1~0~transparent~gge491~0^^PL~65 -745 75 -745~#000000~1~0~transparent~gge492~0","F~part_netLabel_gnD~70~-685~0~gge499~~0^^70~-685^^GND~#000000~57.015625~-658~0~start~1~Times New Roman~9pt~flag_gge11^^PL~70 -675 70 -685~#000000~1~0~transparent~gge503~0^^PL~61 -675 79 -675~#000000~1~0~transparent~gge504~0^^PL~64 -673 76 -673~#000000~1~0~transparent~gge505~0^^PL~67 -671 73 -671~#000000~1~0~transparent~gge506~0^^PL~69 -669 71 -669~#000000~1~0~transparent~gge507~0","F~part_netLabel_gnD~320~-685~0~gge508~~0^^320~-685^^GND~#000000~307.015625~-658~0~start~1~Times New Roman~9pt~flag_gge12^^PL~320 -675 320 -685~#000000~1~0~transparent~gge512~0^^PL~311 -675 329 -675~#000000~1~0~transparent~gge513~0^^PL~314 -673 326 -673~#000000~1~0~transparent~gge514~0^^PL~317 -671 323 -671~#000000~1~0~transparent~gge515~0^^PL~319 -669 321 -669~#000000~1~0~transparent~gge516~0","F~part_netLabel_+5V~320~-735~0~gge533~~0^^320~-735^^3V3~#000000~309.6796875~-748.125~0~start~1~Times New Roman~9pt~flag_gge13^^PL~320 -745 320 -735~#000000~1~0~transparent~gge537~0^^PL~315 -745 325 -745~#000000~1~0~transparent~gge538~0","W~70 -735 70 -730~#008800~1~0~none~gge539~0","W~70 -690 70 -685~#008800~1~0~none~gge540~0","W~320 -735 320 -730~#008800~1~0~none~gge541~0","W~320 -685 320 -690~#008800~1~0~none~gge542~0","F~part_netLabel_+5V~385~-755~0~gge595~~0^^385~-755^^3V3~#000000~374.6796875~-768.3515625~0~start~1~Times New Roman~9pt~flag_gge14^^PL~385 -765 385 -755~#000000~1~0~transparent~gge599~0^^PL~380 -765 390 -765~#000000~1~0~transparent~gge600~0","LIB~385~-685~package`R0805`nameAlias`Value(\u03a9)`BOM_Supplier Part``BOM_Supplier``Contributor`LCEDA_Lib`spicePre`R`spiceSymbolName`R_0805_US`BOM_Manufacturer Part``~270~0~gge847a792f7b7c8945~b60f399a7a7e41848b2be1eb49c79141~9698a5ebc38f435fb5a5f9ff5b84927c~0~~yes~yes~~1586861910~#@$T~N~392~-672.640625~0~#000080~Arial~~~~~comment~470\u03a9~1~start~gge601~0~#@$T~P~392~-681.78125~0~#000080~Arial~~~~~comment~R1~1~start~gge603~0~#@$PL~385 -670 380 -673~#880000~1~0~none~gge605~0#@$PL~390 -678 380 -683~#880000~1~0~none~gge606~0#@$PL~380 -673 390 -678~#880000~1~0~none~gge607~0#@$P~show~0~2~385~-665~270~gge608~0^^385~-665^^M 385 -665 v -5~#880000^^0~385~-674~270~2~start~~~#0000FF^^0~381~-666~270~2~end~~~#0000FF^^0~385~-667^^0~M 388 -670 L 385 -673 L 382 -670#@$PL~380 -692 390 -697~#880000~1~0~none~gge615~0#@$PL~380 -683 390 -687~#880000~1~0~none~gge616~0#@$PL~390 -687 380 -692~#880000~1~0~none~gge617~0#@$PL~390 -697 385 -700~#880000~1~0~none~gge618~0#@$P~show~0~1~385~-705~90~gge619~0^^385~-705^^M 385 -705 v 5~#880000^^0~385~-696~270~1~end~~~#0000FF^^0~381~-704~270~1~start~~~#0000FF^^0~385~-703^^0~M 382 -700 L 385 -697 L 388 -700","F~part_netLabel_gnD~385~-660~0~gge654~~0^^385~-660^^GND~#000000~372.015625~-632.796875~0~start~1~Times New Roman~9pt~flag_gge15^^PL~385 -650 385 -660~#000000~1~0~transparent~gge658~0^^PL~376 -650 394 -650~#000000~1~0~transparent~gge659~0^^PL~379 -648 391 -648~#000000~1~0~transparent~gge660~0^^PL~382 -646 388 -646~#000000~1~0~transparent~gge661~0^^PL~384 -644 386 -644~#000000~1~0~transparent~gge662~0","W~385 -750 385 -755~#008800~1~0~none~gge663~0","W~385 -705 385 -710~#008800~1~0~none~gge664~0","W~385 -660 385 -665~#008800~1~0~none~gge665~0","T~L~15~-775~0~#0000FF~Arial Black~16pt~~~~comment~Power~1~start~gge675~1~pinpart","R~10~-795~~~440~185~#000000~1~0~none~gge679~1~","T~L~20~-580~0~#0000FF~Arial Black~16pt~~~~comment~MCU~1~start~gge684~1~pinpart","F~part_netLabel_+5V~255~-565~0~gge961~~0^^255~-565^^3V3~#000000~244.6796875~-578.125~0~start~1~Times New Roman~9pt~flag_gge16^^PL~255 -575 255 -565~#000000~1~0~transparent~gge965~0^^PL~250 -575 260 -575~#000000~1~0~transparent~gge966~0","F~part_netLabel_netPort~70~-555~0~gge974~~0^^70~-555^^RESET~#0000FF~48.5~-550~0~end~1~Times New Roman~~flag_gge17^^PL~70 -555 65 -550 50 -550 50 -560 65 -560 70 -555~#0000FF~1~0~transparent~gge978~0","F~part_netLabel_netPort~70~-545~0~gge989~~0^^70~-545^^ADC~#0000FF~48.5~-540~0~end~1~Times New Roman~~flag_gge18^^PL~70 -545 65 -540 50 -540 50 -550 65 -550 70 -545~#0000FF~1~0~transparent~gge993~0","F~part_netLabel_netPort~255~-515~90~gge999~~0^^255~-515^^RESET~#0000FF~258.55~-463.74~270~start~1~Times New Roman~~flag_gge19^^PL~255 -515 260 -510 260 -495 250 -495 250 -510 255 -515~#0000FF~1~0~transparent~gge1003~0","W~255 -515 255 -520~#008800~1~0~none~gge1009~0","W~255 -560 255 -565~#008800~1~0~none~gge1010~0","W~290 -560 290 -565~#008800~1~0~none~gge1120~0","W~290 -515 290 -520~#008800~1~0~none~gge1121~0","F~part_netLabel_netPort~290~-515~90~gge1122~~0^^290~-515^^GPIO2~#0000FF~293.55~-463.74~270~start~1~Times New Roman~~flag_gge20^^PL~290 -515 295 -510 295 -495 285 -495 285 -510 290 -515~#0000FF~1~0~transparent~gge1126~0","F~part_netLabel_+5V~290~-565~0~gge1127~~0^^290~-565^^3V3~#000000~279.6796875~-578.125~0~start~1~Times New Roman~9pt~flag_gge21^^PL~290 -575 290 -565~#000000~1~0~transparent~gge1131~0^^PL~285 -575 295 -575~#000000~1~0~transparent~gge1132~0","W~325 -560 325 -565~#008800~1~0~none~gge1164~0","W~325 -515 325 -520~#008800~1~0~none~gge1165~0","F~part_netLabel_netPort~325~-515~90~gge1166~~0^^325~-515^^CH_PD~#0000FF~328.55~-463.74~270~start~1~Times New Roman~~flag_gge22^^PL~325 -515 330 -510 330 -495 320 -495 320 -510 325 -515~#0000FF~1~0~transparent~gge1170~0","F~part_netLabel_+5V~325~-565~0~gge1171~~0^^325~-565^^3V3~#000000~314.6796875~-578.125~0~start~1~Times New Roman~9pt~flag_gge23^^PL~325 -575 325 -565~#000000~1~0~transparent~gge1175~0^^PL~320 -575 330 -575~#000000~1~0~transparent~gge1176~0","F~part_netLabel_netPort~360~-565~180~gge1184~~0^^360~-565^^GPIO15~#0000FF~381.73~-562.28~0~start~1~Times New Roman~~flag_gge24^^PL~360 -565 365 -570 380 -570 380 -560 365 -560 360 -565~#0000FF~1~0~transparent~gge1188~0","W~360 -565 360 -560~#008800~1~0~none~gge1189~0","F~part_netLabel_gnD~360~-515~0~gge1221~~0^^360~-515^^GND~#000000~347~-489~0~start~1~Times New Roman~9pt~flag_gge25^^PL~360 -505 360 -515~#000000~1~0~transparent~gge1225~0^^PL~351 -505 369 -505~#000000~1~0~transparent~gge1226~0^^PL~354 -503 366 -503~#000000~1~0~transparent~gge1227~0^^PL~357 -501 363 -501~#000000~1~0~transparent~gge1228~0^^PL~359 -499 361 -499~#000000~1~0~transparent~gge1229~0","W~360 -515 360 -520~#008800~1~0~none~gge1239~0","F~part_netLabel_netPort~70~-535~0~gge1261~~0^^70~-535^^CH_PD~#0000FF~48.5~-530~0~end~1~Times New Roman~~flag_gge26^^PL~70 -535 65 -530 50 -530 50 -540 65 -540 70 -535~#0000FF~1~0~transparent~gge1265~0","F~part_netLabel_netPort~70~-525~0~gge1267~~0^^70~-525^^GPIO16~#0000FF~48.5~-520~0~end~1~Times New Roman~~flag_gge27^^PL~70 -525 65 -520 50 -520 50 -530 65 -530 70 -525~#0000FF~1~0~transparent~gge1271~0","F~part_netLabel_netPort~70~-515~0~gge1273~~0^^70~-515^^GPIO14~#0000FF~48.5~-510~0~end~1~Times New Roman~~flag_gge28^^PL~70 -515 65 -510 50 -510 50 -520 65 -520 70 -515~#0000FF~1~0~transparent~gge1277~0","F~part_netLabel_netPort~70~-505~0~gge1279~~0^^70~-505^^GPIO12~#0000FF~48.5~-500~0~end~1~Times New Roman~~flag_gge29^^PL~70 -505 65 -500 50 -500 50 -510 65 -510 70 -505~#0000FF~1~0~transparent~gge1283~0","F~part_netLabel_netPort~70~-495~0~gge1285~~0^^70~-495^^GPIO13~#0000FF~48.5~-490~0~end~1~Times New Roman~~flag_gge30^^PL~70 -495 65 -490 50 -490 50 -500 65 -500 70 -495~#0000FF~1~0~transparent~gge1289~0","F~part_netLabel_netPort~190~-555~180~gge1297~~0^^190~-555^^TXD~#0000FF~212.51~-554~0~start~1~Times New Roman~~flag_gge31^^PL~190 -555 195 -560 210 -560 210 -550 195 -550 190 -555~#0000FF~1~0~transparent~gge1301~0","F~part_netLabel_netPort~190~-545~180~gge1303~~0^^190~-545^^RXD~#0000FF~211.52~-543.77~0~start~1~Times New Roman~~flag_gge32^^PL~190 -545 195 -550 210 -550 210 -540 195 -540 190 -545~#0000FF~1~0~transparent~gge1307~0","F~part_netLabel_netPort~190~-535~180~gge1309~~0^^190~-535^^GPIO4~#0000FF~211.52~-533.77~0~start~1~Times New Roman~~flag_gge33^^PL~190 -535 195 -540 210 -540 210 -530 195 -530 190 -535~#0000FF~1~0~transparent~gge1313~0","F~part_netLabel_netPort~190~-525~180~gge1315~~0^^190~-525^^GPIO5~#0000FF~211.52~-523.77~0~start~1~Times New Roman~~flag_gge34^^PL~190 -525 195 -530 210 -530 210 -520 195 -520 190 -525~#0000FF~1~0~transparent~gge1319~0","F~part_netLabel_netPort~190~-515~180~gge1321~~0^^190~-515^^GPIO0~#0000FF~211.52~-513.77~0~start~1~Times New Roman~~flag_gge35^^PL~190 -515 195 -520 210 -520 210 -510 195 -510 190 -515~#0000FF~1~0~transparent~gge1325~0","F~part_netLabel_netPort~190~-505~180~gge1327~~0^^190~-505^^GPIO2~#0000FF~211.52~-503.77~0~start~1~Times New Roman~~flag_gge36^^PL~190 -505 195 -510 210 -510 210 -500 195 -500 190 -505~#0000FF~1~0~transparent~gge1331~0","F~part_netLabel_netPort~190~-495~180~gge1333~~0^^190~-495^^GPIO15~#0000FF~211.52~-493.77~0~start~1~Times New Roman~~flag_gge37^^PL~190 -495 195 -500 210 -500 210 -490 195 -490 190 -495~#0000FF~1~0~transparent~gge1337~0","F~part_netLabel_gnD~190~-480~0~gge1340~~0^^190~-480^^GND~#000000~177~-454~0~start~1~Times New Roman~9pt~flag_gge38^^PL~190 -470 190 -480~#000000~1~0~transparent~gge1344~0^^PL~181 -470 199 -470~#000000~1~0~transparent~gge1345~0^^PL~184 -468 196 -468~#000000~1~0~transparent~gge1346~0^^PL~187 -466 193 -466~#000000~1~0~transparent~gge1347~0^^PL~189 -464 191 -464~#000000~1~0~transparent~gge1348~0","W~190 -485 190 -480~#008800~1~0~none~gge1349~0","F~part_netLabel_+5V~70~-480~180~gge1358~~0^^70~-480^^3V3~#000000~59.6796875~-458.7734375~0~start~1~Times New Roman~9pt~flag_gge39^^PL~70 -470 70 -480~#000000~1~0~transparent~gge1362~0^^PL~75 -470 65 -470~#000000~1~0~transparent~gge1363~0","W~70 -485 70 -480~#008800~1~0~none~gge1364~0","R~10~-610~~~440~260~#000000~1~0~none~gge1365~1~","T~L~455~-775~0~#0000FF~Arial Black~16pt~~~~comment~ADC~1~start~gge1367~1~pinpart","F~part_netLabel_+5V~510~-725~0~gge1392~~0^^510~-725^^3V3~#000000~499.6796875~-738.3515625~0~start~1~Times New Roman~9pt~flag_gge40^^PL~510 -735 510 -725~#000000~1~0~transparent~gge1396~0^^PL~505 -735 515 -735~#000000~1~0~transparent~gge1397~0","F~part_netLabel_gnD~510~-660~0~gge1430~~0^^510~-660^^GND~#000000~497.015625~-632.796875~0~start~1~Times New Roman~9pt~flag_gge41^^PL~510 -650 510 -660~#000000~1~0~transparent~gge1434~0^^PL~501 -650 519 -650~#000000~1~0~transparent~gge1435~0^^PL~504 -648 516 -648~#000000~1~0~transparent~gge1436~0^^PL~507 -646 513 -646~#000000~1~0~transparent~gge1437~0^^PL~509 -644 511 -644~#000000~1~0~transparent~gge1438~0","W~505 -710 510 -710 510 -705~#008800~1~0~none~gge1439~0","W~505 -720 510 -720 510 -725~#008800~1~0~none~gge1440~0","F~part_netLabel_netPort~520~-710~180~gge1462~~0^^520~-710^^ADC_IN~#0000FF~542.51~-709~0~start~1~Times New Roman~~flag_gge42^^PL~520 -710 525 -715 540 -715 540 -705 525 -705 520 -710~#0000FF~1~0~transparent~gge1466~0","W~510 -660 510 -665~#008800~1~0~none~gge1469~0","W~520 -710 510 -710~#008800~1~0~none~gge1470~0","LIB~615~-740~package`R0805`nameAlias`Value(\u03a9)`BOM_Supplier Part``BOM_Supplier``Contributor`LCEDA_Lib`spicePre`R`spiceSymbolName`R_0805_US`BOM_Manufacturer Part``~270~0~ggee0342f548b60baa6~b60f399a7a7e41848b2be1eb49c79141~9698a5ebc38f435fb5a5f9ff5b84927c~0~~yes~yes~~1586861910~#@$T~N~622~-727.640625~0~#000080~Arial~~~~~comment~220K~1~start~gge1475~0~#@$T~P~622~-736.78125~0~#000080~Arial~~~~~comment~R7~1~start~gge1477~0~#@$PL~615 -725 610 -728~#880000~1~0~none~gge1479~0#@$PL~620 -733 610 -738~#880000~1~0~none~gge1480~0#@$PL~610 -728 620 -733~#880000~1~0~none~gge1481~0#@$P~show~0~2~615~-720~270~gge1482~0^^615~-720^^M 615 -720 v -5~#880000^^0~615~-729~270~2~start~~~#0000FF^^0~611~-721~270~2~end~~~#0000FF^^0~615~-722^^0~M 618 -725 L 615 -728 L 612 -725#@$PL~610 -747 620 -752~#880000~1~0~none~gge1489~0#@$PL~610 -738 620 -742~#880000~1~0~none~gge1490~0#@$PL~620 -742 610 -747~#880000~1~0~none~gge1491~0#@$PL~620 -752 615 -755~#880000~1~0~none~gge1492~0#@$P~show~0~1~615~-760~90~gge1493~0^^615~-760^^M 615 -760 v 5~#880000^^0~615~-751~270~1~end~~~#0000FF^^0~611~-759~270~1~start~~~#0000FF^^0~615~-758^^0~M 612 -755 L 615 -752 L 618 -755","LIB~615~-685~package`R0805`nameAlias`Value(\u03a9)`BOM_Supplier Part``BOM_Supplier``Contributor`LCEDA_Lib`spicePre`R`spiceSymbolName`R_0805_US`BOM_Manufacturer Part``~270~0~ggec2af65dd9265d654~b60f399a7a7e41848b2be1eb49c79141~9698a5ebc38f435fb5a5f9ff5b84927c~0~~yes~yes~~1586861910~#@$T~N~622~-672.640625~0~#000080~Arial~~~~~comment~100K~1~start~gge1503~0~#@$T~P~622~-681.78125~0~#000080~Arial~~~~~comment~R8~1~start~gge1505~0~#@$PL~615 -670 610 -673~#880000~1~0~none~gge1507~0#@$PL~620 -678 610 -683~#880000~1~0~none~gge1508~0#@$PL~610 -673 620 -678~#880000~1~0~none~gge1509~0#@$P~show~0~2~615~-665~270~gge1510~0^^615~-665^^M 615 -665 v -5~#880000^^0~615~-674~270~2~start~~~#0000FF^^0~611~-666~270~2~end~~~#0000FF^^0~615~-667^^0~M 618 -670 L 615 -673 L 612 -670#@$PL~610 -692 620 -697~#880000~1~0~none~gge1517~0#@$PL~610 -683 620 -687~#880000~1~0~none~gge1518~0#@$PL~620 -687 610 -692~#880000~1~0~none~gge1519~0#@$PL~620 -697 615 -700~#880000~1~0~none~gge1520~0#@$P~show~0~1~615~-705~90~gge1521~0^^615~-705^^M 615 -705 v 5~#880000^^0~615~-696~270~1~end~~~#0000FF^^0~611~-704~270~1~start~~~#0000FF^^0~615~-703^^0~M 612 -700 L 615 -697 L 618 -700","F~part_netLabel_gnD~615~-660~0~gge1529~~0^^615~-660^^GND~#000000~602.015625~-632.796875~0~start~1~Times New Roman~9pt~flag_gge43^^PL~615 -650 615 -660~#000000~1~0~transparent~gge1533~0^^PL~606 -650 624 -650~#000000~1~0~transparent~gge1534~0^^PL~609 -648 621 -648~#000000~1~0~transparent~gge1535~0^^PL~612 -646 618 -646~#000000~1~0~transparent~gge1536~0^^PL~614 -644 616 -644~#000000~1~0~transparent~gge1537~0","F~part_netLabel_netPort~615~-770~180~gge1539~~0^^615~-770^^ADC_IN~#0000FF~637.51~-769~0~start~1~Times New Roman~~flag_gge44^^PL~615 -770 620 -775 635 -775 635 -765 620 -765 615 -770~#0000FF~1~0~transparent~gge1543~0","W~615 -760 615 -770~#008800~1~0~none~gge1544~0","W~615 -720 615 -705~#008800~1~0~none~gge1545~0","W~615 -665 615 -660~#008800~1~0~none~gge1546~0","F~part_netLabel_netPort~625~-710~180~gge1548~~0^^625~-710^^ADC~#0000FF~647.51~-709~0~start~1~Times New Roman~~flag_gge45^^PL~625 -710 630 -715 645 -715 645 -705 630 -705 625 -710~#0000FF~1~0~transparent~gge1552~0","W~625 -710 615 -710~#008800~1~0~none~gge1553~0","R~450~-795~~~280~185~#000000~1~0~none~gge1555~1~","T~L~455~-580~0~#0000FF~Arial Black~16pt~~~~comment~Relay~1~start~gge1557~1~pinpart","LIB~570~-550~package`SOD-80_L3.5-W1.5-RD`BOM_Supplier`LCSC`BOM_Manufacturer`VISHAY`BOM_Manufacturer Part`LS4148-GS08`BOM_Supplier Part`C84133`BOM_JLCPCB Part Class`Extended Part`spicePre`D`spiceSymbolName`LS4148-GS08`~270~0~ggebd1f83a15466b515~1857a970000b4f40a8e3ceb5daa252c0~ab22d4ff7ddc0b6e9cf842d6a25ff948~0~~yes~yes~d49ab98b9cda4ed1a22d31e5c6e2a55c~1567498395~ccf34696b5684a368b4506273c829f91#@$T~N~533.6640625~-536.75~0~#000080~Arial~~~~~comment~1N4148~1~start~gge1612~0~#@$T~P~549.046875~-546.75~0~#000080~Arial~~~~~comment~D3~1~start~gge1614~0~#@$PL~564 -555 576 -555~#880000~1~0~none~gge1616~0#@$P~show~0~2~570~-530~270~gge1617~0^^570~-530^^M 570 -530 v -15~#880000^^0~573~-548~270~A~start~~~#0000FF^^0~569~-539~270~2~end~~~#0000FF^^0~570~-542^^0~M 573 -545 L 570 -548 L 567 -545#@$P~show~0~1~570~-570~90~gge1624~0^^570~-570^^M 570 -570 v 15~#880000^^0~573~-552~270~C~end~~~#0000FF^^0~569~-561~270~1~start~~~#0000FF^^0~570~-558^^0~M 567 -555 L 570 -552 L 573 -555#@$PT~M 576 -545 L 570 -555 L 564 -545 Z ~#880000~1~0~#880000~gge1631~0~","LIB~590~-550~package`C1206`nameAlias`Value(F)`BOM_Supplier Part``BOM_Supplier``Contributor`LCEDA_Lib`spicePre`C`spiceSymbolName`C_1206_US`BOM_Manufacturer Part``~90~0~ggecd9177e8f5a15b88~7bdec8012728462a85919a4d0d033579~a39f40cff7f64fcd86eb61f5dfc0bd4f~0~~yes~yes~~1586863230~#@$T~N~600.5546875~-546.6640625~0~#000080~Arial~~~~~comment~10uf~1~start~gge1654~0~#@$T~P~599.0390625~-556.671875~0~#000080~Arial~~~~~comment~C5~1~start~gge1656~0~#@$PL~598 -548 582 -548~#880000~1~0~none~gge1658~0#@$P~show~0~1~590~-530~270~gge1659~0^^590~-530^^M 590 -540 v 10~#880000^^0~590~-544~270~1~start~~~#0000FF^^0~586~-536~270~1~end~~~#0000FF^^0~590~-517^^0~M 593 -520 L 590 -523 L 587 -520#@$PL~590 -560 590 -552~#880000~1~0~none~gge1666~0#@$PL~582 -552 598 -552~#880000~1~0~none~gge1667~0#@$P~show~0~2~590~-570~90~gge1668~0^^590~-570^^M 590 -560 v -10~#880000^^0~590~-556~270~2~end~~~#0000FF^^0~586~-564~270~2~start~~~#0000FF^^0~590~-583^^0~M 587 -580 L 590 -577 L 593 -580#@$PL~590 -548 590 -540~#880000~1~0~none~gge1675~0","W~570 -570 590 -570 605 -570~#008800~1~0~none~gge1700~0","W~570 -530 590 -530 605 -530~#008800~1~0~none~gge1703~0","LIB~600~-500~package`SOT-23-3_L2.9-W1.3-P1.90-LS2.4-BR`BOM_Supplier`LCSC`BOM_Supplier Part`C2835587`BOM_Manufacturer`null`BOM_Manufacturer Part`BC850CMTF`Contributor`LCSC`BOM_JLCPCB Part Class`Extended Part`spicePre`U`spiceSymbolName`2N2222A SOT-23`~~0~gge04730ebb945a8a63~bade90667a6e4731855e9a223387b8a6~c7bb2e4fc5374290b44ea7da44196d78~0~~yes~yes~a047f0c4c6a64b9aac780b4923a59af0~1635703993~7523f2f869e745ffb3cc0c902c92658c#@$T~N~604~-488~0~#000080~Arial~~~~~comment~2N2222A~1~start~gge1866~0~#@$T~P~604~-497~0~#000080~Arial~~~~~comment~U3~1~start~gge1868~0~#@$PG~600 -490 597 -495 594 -491~#880000~1~0~#880000~gge1870~0#@$PL~590 -509 590 -491~#880000~1~0~none~gge1871~0#@$PL~590 -497 600 -490~#880000~1~0~none~gge1872~0#@$PL~600 -510 590 -503~#880000~1~0~none~gge1873~0#@$P~show~1~2~600~-480~270~gge1874~0^^600~-480^^M 600 -480 v -10~#880000^^0~603~-495~270~E~start~~~#0000FF^^0~599~-490~270~2~end~~~#0000FF^^0~600~-487^^0~M 603 -490 L 600 -493 L 597 -490#@$P~show~1~3~600~-520~90~gge1881~0^^600~-520^^M 600 -520 v 10~#880000^^0~603~-505~270~C~end~~~#0000FF^^0~599~-510~270~3~start~~~#0000FF^^0~600~-513^^0~M 597 -510 L 600 -507 L 603 -510#@$P~show~1~1~580~-500~180~gge1888~0^^580~-500^^M 580 -500 h 10~#880000^^0~595~-497~0~B~start~~~#0000FF^^0~590~-501~0~1~end~~~#0000FF^^0~587~-500^^0~M 590 -497 L 593 -500 L 590 -503","W~600 -520 600 -530~#008800~1~0~none~gge1926~0","W~560 -500 580 -500~#008800~1~0~none~gge1985~0","F~part_netLabel_gnD~600~-460~0~gge1987~~0^^600~-460^^GND~#000000~587~-434~0~start~1~Times New Roman~9pt~flag_gge46^^PL~600 -450 600 -460~#000000~1~0~transparent~gge1991~0^^PL~591 -450 609 -450~#000000~1~0~transparent~gge1992~0^^PL~594 -448 606 -448~#000000~1~0~transparent~gge1993~0^^PL~597 -446 603 -446~#000000~1~0~transparent~gge1994~0^^PL~599 -444 601 -444~#000000~1~0~transparent~gge1995~0","F~part_netLabel_netPort~510~-500~0~gge1997~~0^^510~-500^^GPIO4~#0000FF~488.5~-495~0~end~1~Times New Roman~8pt~flag_gge47^^PL~510 -500 505 -495 490 -495 490 -505 505 -505 510 -500~#0000FF~1~0~transparent~gge2001~0","R~450~-610~~~280~260~#000000~1~0~none~gge2008~1~","F~part_netLabel_netPort~160~-385~270~gge6367~~0^^160~-385^^TXD~#0000FF~163.8~-403.76~270~start~1~Times New Roman~8pt~flag_gge48^^PL~160 -385 155 -390 155 -405 165 -405 165 -390 160 -385~#0000FF~1~0~transparent~gge6371~0","F~part_netLabel_netPort~150~-385~270~gge6372~~0^^150~-385^^RXD~#0000FF~153.78~-403.16~270~start~1~Times New Roman~8pt~flag_gge49^^PL~150 -385 145 -390 145 -405 155 -405 155 -390 150 -385~#0000FF~1~0~transparent~gge6376~0","F~part_netLabel_netPort~140~-385~270~gge6377~~0^^140~-385^^GPIO0~#0000FF~143.8~-405.53~270~start~1~Times New Roman~8pt~flag_gge50^^PL~140 -385 135 -390 135 -405 145 -405 145 -390 140 -385~#0000FF~1~0~transparent~gge6381~0","F~part_netLabel_netPort~120~-385~270~gge6387~~0^^120~-385^^RESET~#0000FF~123.78~-403.02~270~start~1~Times New Roman~8pt~flag_gge51^^PL~120 -385 115 -390 115 -405 125 -405 125 -390 120 -385~#0000FF~1~0~transparent~gge6391~0","F~part_netLabel_gnD~110~-430~180~gge6411~~0^^110~-430^^GND~#000000~97.0078125~-449.1015625~0~start~1~Times New Roman~9pt~flag_gge52^^PL~110 -440 110 -430~#000000~1~0~transparent~gge6415~0^^PL~119 -440 101 -440~#000000~1~0~transparent~gge6416~0^^PL~116 -442 104 -442~#000000~1~0~transparent~gge6417~0^^PL~113 -444 107 -444~#000000~1~0~transparent~gge6418~0^^PL~111 -446 109 -446~#000000~1~0~transparent~gge6419~0","W~110 -430 110 -385~#008800~1~0~none~gge6420~0","F~part_netLabel_+5V~130~-425~0~gge6422~~0^^130~-425^^3V3~#000000~119.6796875~-438.09375~0~start~1~Times New Roman~9pt~flag_gge53^^PL~130 -435 130 -425~#000000~1~0~transparent~gge6426~0^^PL~125 -435 135 -435~#000000~1~0~transparent~gge6427~0","W~130 -425 130 -385~#008800~1~0~none~gge6428~0","F~part_netLabel_+5V~140~-710~0~gge6722~~0^^140~-710^^3V3~#000000~129.6796875~-723.1015625~0~start~1~Times New Roman~9pt~flag_gge54^^PL~140 -720 140 -710~#000000~1~0~transparent~gge6726~0^^PL~135 -720 145 -720~#000000~1~0~transparent~gge6727~0","W~145 -710 140 -710~#008800~1~0~none~gge6728~0","LIB~255~-540~package`R0805`nameAlias`Value(\u03a9)`BOM_Supplier Part``BOM_Supplier``Contributor`LCEDA_Lib`spicePre`R`spiceSymbolName`R_0805_US`BOM_Manufacturer Part``~90~0~ggec6cce607ffbceef2~b60f399a7a7e41848b2be1eb49c79141~9698a5ebc38f435fb5a5f9ff5b84927c~0~~yes~yes~~1586861910~#@$T~N~262~-527.75~0~#000080~Arial~~~~~comment~10k~1~start~gge6730~0~#@$T~P~262.0078125~-536.75~0~#000080~Arial~~~~~comment~R2~1~start~gge6732~0~#@$PL~255 -555 260 -552~#880000~1~0~none~gge6734~0#@$PL~250 -547 260 -542~#880000~1~0~none~gge6735~0#@$PL~260 -552 250 -547~#880000~1~0~none~gge6736~0#@$P~show~0~2~255~-560~90~gge6737~0^^255~-560^^M 255 -560 v 5~#880000^^0~255~-551~270~2~end~~~#0000FF^^0~251~-559~270~2~start~~~#0000FF^^0~255~-558^^0~M 252 -555 L 255 -552 L 258 -555#@$PL~260 -533 250 -528~#880000~1~0~none~gge6744~0#@$PL~260 -542 250 -538~#880000~1~0~none~gge6745~0#@$PL~250 -538 260 -533~#880000~1~0~none~gge6746~0#@$PL~250 -528 255 -525~#880000~1~0~none~gge6747~0#@$P~show~0~1~255~-520~270~gge6748~0^^255~-520^^M 255 -520 v -5~#880000^^0~255~-529~270~1~start~~~#0000FF^^0~251~-521~270~1~end~~~#0000FF^^0~255~-522^^0~M 258 -525 L 255 -528 L 252 -525","LIB~290~-540~package`R0805`nameAlias`Value(\u03a9)`BOM_Supplier Part``BOM_Supplier``Contributor`LCEDA_Lib`spicePre`R`spiceSymbolName`R_0805_US`BOM_Manufacturer Part``~90~0~gge2adb0a16f8aa3ff1~b60f399a7a7e41848b2be1eb49c79141~9698a5ebc38f435fb5a5f9ff5b84927c~0~~yes~yes~~1586861910~#@$T~N~297~-527.75~0~#000080~Arial~~~~~comment~10k~1~start~gge6785~0~#@$T~P~297.0078125~-536.75~0~#000080~Arial~~~~~comment~R3~1~start~gge6787~0~#@$PL~290 -555 295 -552~#880000~1~0~none~gge6789~0#@$PL~285 -547 295 -542~#880000~1~0~none~gge6790~0#@$PL~295 -552 285 -547~#880000~1~0~none~gge6791~0#@$P~show~0~2~290~-560~90~gge6792~0^^290~-560^^M 290 -560 v 5~#880000^^0~290~-551~270~2~end~~~#0000FF^^0~286~-559~270~2~start~~~#0000FF^^0~290~-558^^0~M 287 -555 L 290 -552 L 293 -555#@$PL~295 -533 285 -528~#880000~1~0~none~gge6799~0#@$PL~295 -542 285 -538~#880000~1~0~none~gge6800~0#@$PL~285 -538 295 -533~#880000~1~0~none~gge6801~0#@$PL~285 -528 290 -525~#880000~1~0~none~gge6802~0#@$P~show~0~1~290~-520~270~gge6803~0^^290~-520^^M 290 -520 v -5~#880000^^0~290~-529~270~1~start~~~#0000FF^^0~286~-521~270~1~end~~~#0000FF^^0~290~-522^^0~M 293 -525 L 290 -528 L 287 -525","LIB~325~-540~package`R0805`nameAlias`Value(\u03a9)`BOM_Supplier Part``BOM_Supplier``Contributor`LCEDA_Lib`spicePre`R`spiceSymbolName`R_0805_US`BOM_Manufacturer Part``~90~0~gge46f43504d6a158d1~b60f399a7a7e41848b2be1eb49c79141~9698a5ebc38f435fb5a5f9ff5b84927c~0~~yes~yes~~1586861910~#@$T~N~332~-527.75~0~#000080~Arial~~~~~comment~10k~1~start~gge6816~0~#@$T~P~332.0078125~-536.75~0~#000080~Arial~~~~~comment~R4~1~start~gge6818~0~#@$PL~325 -555 330 -552~#880000~1~0~none~gge6820~0#@$PL~320 -547 330 -542~#880000~1~0~none~gge6821~0#@$PL~330 -552 320 -547~#880000~1~0~none~gge6822~0#@$P~show~0~2~325~-560~90~gge6823~0^^325~-560^^M 325 -560 v 5~#880000^^0~325~-551~270~2~end~~~#0000FF^^0~321~-559~270~2~start~~~#0000FF^^0~325~-558^^0~M 322 -555 L 325 -552 L 328 -555#@$PL~330 -533 320 -528~#880000~1~0~none~gge6830~0#@$PL~330 -542 320 -538~#880000~1~0~none~gge6831~0#@$PL~320 -538 330 -533~#880000~1~0~none~gge6832~0#@$PL~320 -528 325 -525~#880000~1~0~none~gge6833~0#@$P~show~0~1~325~-520~270~gge6834~0^^325~-520^^M 325 -520 v -5~#880000^^0~325~-529~270~1~start~~~#0000FF^^0~321~-521~270~1~end~~~#0000FF^^0~325~-522^^0~M 328 -525 L 325 -528 L 322 -525","LIB~360~-540~package`R0805`nameAlias`Value(\u03a9)`BOM_Supplier Part``BOM_Supplier``Contributor`LCEDA_Lib`spicePre`R`spiceSymbolName`R_0805_US`BOM_Manufacturer Part``~90~0~ggecf5a878e26c8b6e7~b60f399a7a7e41848b2be1eb49c79141~9698a5ebc38f435fb5a5f9ff5b84927c~0~~yes~yes~~1586861910~#@$T~N~367~-527.75~0~#000080~Arial~~~~~comment~10k~1~start~gge6847~0~#@$T~P~367.0078125~-536.75~0~#000080~Arial~~~~~comment~R5~1~start~gge6849~0~#@$PL~360 -555 365 -552~#880000~1~0~none~gge6851~0#@$PL~355 -547 365 -542~#880000~1~0~none~gge6852~0#@$PL~365 -552 355 -547~#880000~1~0~none~gge6853~0#@$P~show~0~2~360~-560~90~gge6854~0^^360~-560^^M 360 -560 v 5~#880000^^0~360~-551~270~2~end~~~#0000FF^^0~356~-559~270~2~start~~~#0000FF^^0~360~-558^^0~M 357 -555 L 360 -552 L 363 -555#@$PL~365 -533 355 -528~#880000~1~0~none~gge6861~0#@$PL~365 -542 355 -538~#880000~1~0~none~gge6862~0#@$PL~355 -538 365 -533~#880000~1~0~none~gge6863~0#@$PL~355 -528 360 -525~#880000~1~0~none~gge6864~0#@$P~show~0~1~360~-520~270~gge6865~0^^360~-520^^M 360 -520 v -5~#880000^^0~360~-529~270~1~start~~~#0000FF^^0~356~-521~270~1~end~~~#0000FF^^0~360~-522^^0~M 363 -525 L 360 -528 L 357 -525","LIB~510~-685~package`R0805`nameAlias`Value(\u03a9)`BOM_Supplier Part``BOM_Supplier``Contributor`LCEDA_Lib`spicePre`R`spiceSymbolName`R_0805_US`BOM_Manufacturer Part``~90~0~gge171b67ee053eeaef~b60f399a7a7e41848b2be1eb49c79141~9698a5ebc38f435fb5a5f9ff5b84927c~0~~yes~yes~~1586861910~#@$T~N~517~-672.75~0~#000080~Arial~~~~~comment~10k~1~start~gge6878~0~#@$T~P~517.0078125~-681.75~0~#000080~Arial~~~~~comment~R6~1~start~gge6880~0~#@$PL~510 -700 515 -697~#880000~1~0~none~gge6882~0#@$PL~505 -692 515 -687~#880000~1~0~none~gge6883~0#@$PL~515 -697 505 -692~#880000~1~0~none~gge6884~0#@$P~show~0~2~510~-705~90~gge6885~0^^510~-705^^M 510 -705 v 5~#880000^^0~510~-696~270~2~end~~~#0000FF^^0~506~-704~270~2~start~~~#0000FF^^0~510~-703^^0~M 507 -700 L 510 -697 L 513 -700#@$PL~515 -678 505 -673~#880000~1~0~none~gge6892~0#@$PL~515 -687 505 -683~#880000~1~0~none~gge6893~0#@$PL~505 -683 515 -678~#880000~1~0~none~gge6894~0#@$PL~505 -673 510 -670~#880000~1~0~none~gge6895~0#@$P~show~0~1~510~-665~270~gge6896~0^^510~-665^^M 510 -665 v -5~#880000^^0~510~-674~270~1~start~~~#0000FF^^0~506~-666~270~1~end~~~#0000FF^^0~510~-667^^0~M 513 -670 L 510 -673 L 507 -670","F~part_netLabel_VCC~100~-735~0~gge6986~~0^^100~-735^^VCC~#000000~88~-747~0~start~1~Times New Roman~9pt~flag_gge55^^PL~100 -745 100 -735~#000000~1~0~transparent~gge6990~0^^PL~95 -745 105 -745~#000000~1~0~transparent~gge6991~0","W~100 -735 100 -730~#008800~1~0~none~gge6992~0","LIB~100~-710~package`C0805`nameAlias`Value(F)`BOM_Supplier Part``BOM_Supplier``Contributor`LCEDA_Lib`spicePre`C`spiceSymbolName`C_0805_US`BOM_Manufacturer Part``~90~0~gge7d062cd5f44d936b~2ee8eb13a0124a108e622ce40c0c25a8~b82150387a2041b4afd55b90c79c5923~0~~yes~yes~~1586863213~#@$T~N~110~-697.8125~0~#000080~Arial~~~~~comment~1uf~1~start~gge6995~0~#@$T~P~110.0078125~-706.6640625~0~#000080~Arial~~~~~comment~C2~1~start~gge6997~0~#@$PL~108 -708 92 -708~#880000~1~0~none~gge6999~0#@$P~show~0~1~100~-690~270~gge7000~0^^100~-690^^M 100 -700 v 10~#880000^^0~100~-704~270~1~start~~~#0000FF^^0~96~-696~270~1~end~~~#0000FF^^0~100~-677^^0~M 103 -680 L 100 -683 L 97 -680#@$PL~100 -720 100 -712~#880000~1~0~none~gge7007~0#@$PL~92 -712 108 -712~#880000~1~0~none~gge7008~0#@$P~show~0~2~100~-730~90~gge7009~0^^100~-730^^M 100 -720 v -10~#880000^^0~100~-716~270~2~end~~~#0000FF^^0~96~-724~270~2~start~~~#0000FF^^0~100~-743^^0~M 97 -740 L 100 -737 L 103 -740#@$PL~100 -708 100 -700~#880000~1~0~none~gge7016~0","W~100 -690 100 -685~#008800~1~0~none~gge7017~0","F~part_netLabel_gnD~100~-685~0~gge7018~~0^^100~-685^^GND~#000000~87.015625~-658~0~start~1~Times New Roman~9pt~flag_gge56^^PL~100 -675 100 -685~#000000~1~0~transparent~gge7022~0^^PL~91 -675 109 -675~#000000~1~0~transparent~gge7023~0^^PL~94 -673 106 -673~#000000~1~0~transparent~gge7024~0^^PL~97 -671 103 -671~#000000~1~0~transparent~gge7025~0^^PL~99 -669 101 -669~#000000~1~0~transparent~gge7026~0","F~part_netLabel_+5V~275~-735~0~gge7071~~0^^275~-735^^3V3~#000000~264.6796875~-748.125~0~start~1~Times New Roman~9pt~flag_gge57^^PL~275 -745 275 -735~#000000~1~0~transparent~gge7075~0^^PL~270 -745 280 -745~#000000~1~0~transparent~gge7076~0","W~275 -735 275 -730~#008800~1~0~none~gge7077~0","LIB~275~-710~package`C0805`nameAlias`Value(F)`BOM_Supplier Part``BOM_Supplier``Contributor`LCEDA_Lib`spicePre`C`spiceSymbolName`C_0805_US`BOM_Manufacturer Part``~90~0~gge65c878bf453aec6b~2ee8eb13a0124a108e622ce40c0c25a8~b82150387a2041b4afd55b90c79c5923~0~~yes~yes~~1586863213~#@$T~N~285~-697.8125~0~#000080~Arial~~~~~comment~10uf~1~start~gge7080~0~#@$T~P~285.0078125~-706.6640625~0~#000080~Arial~~~~~comment~C3~1~start~gge7082~0~#@$PL~283 -708 267 -708~#880000~1~0~none~gge7084~0#@$P~show~0~1~275~-690~270~gge7085~0^^275~-690^^M 275 -700 v 10~#880000^^0~275~-704~270~1~start~~~#0000FF^^0~271~-696~270~1~end~~~#0000FF^^0~275~-677^^0~M 278 -680 L 275 -683 L 272 -680#@$PL~275 -720 275 -712~#880000~1~0~none~gge7092~0#@$PL~267 -712 283 -712~#880000~1~0~none~gge7093~0#@$P~show~0~2~275~-730~90~gge7094~0^^275~-730^^M 275 -720 v -10~#880000^^0~275~-716~270~2~end~~~#0000FF^^0~271~-724~270~2~start~~~#0000FF^^0~275~-743^^0~M 272 -740 L 275 -737 L 278 -740#@$PL~275 -708 275 -700~#880000~1~0~none~gge7101~0","W~275 -685 275 -690~#008800~1~0~none~gge7102~0","F~part_netLabel_gnD~275~-685~0~gge7103~~0^^275~-685^^GND~#000000~262.015625~-658~0~start~1~Times New Roman~9pt~flag_gge58^^PL~275 -675 275 -685~#000000~1~0~transparent~gge7107~0^^PL~266 -675 284 -675~#000000~1~0~transparent~gge7108~0^^PL~269 -673 281 -673~#000000~1~0~transparent~gge7109~0^^PL~272 -671 278 -671~#000000~1~0~transparent~gge7110~0^^PL~274 -669 276 -669~#000000~1~0~transparent~gge7111~0","W~510 -500 520 -500~#008800~1~0~none~gge7112~0","F~part_netLabel_gnD~515~-405~0~gge7142~~0^^515~-405^^GND~#000000~502~-379~0~start~1~Times New Roman~9pt~flag_gge59^^PL~515 -395 515 -405~#000000~1~0~transparent~gge7146~0^^PL~506 -395 524 -395~#000000~1~0~transparent~gge7147~0^^PL~509 -393 521 -393~#000000~1~0~transparent~gge7148~0^^PL~512 -391 518 -391~#000000~1~0~transparent~gge7149~0^^PL~514 -389 516 -389~#000000~1~0~transparent~gge7150~0","LIB~515~-430~package`R0805`nameAlias`Value(\u03a9)`BOM_Supplier Part``BOM_Supplier``Contributor`LCEDA_Lib`spicePre`R`spiceSymbolName`R_0805_US`BOM_Manufacturer Part``~270~0~gged6039bd2ef357f15~b60f399a7a7e41848b2be1eb49c79141~9698a5ebc38f435fb5a5f9ff5b84927c~0~~yes~yes~~1586861910~#@$T~N~522~-417.640625~0~#000080~Arial~~~~~comment~470\u03a9~1~start~gge7154~0~#@$T~P~522~-426.78125~0~#000080~Arial~~~~~comment~R11~1~start~gge7156~0~#@$PL~515 -415 510 -418~#880000~1~0~none~gge7158~0#@$PL~520 -423 510 -428~#880000~1~0~none~gge7159~0#@$PL~510 -418 520 -423~#880000~1~0~none~gge7160~0#@$P~show~0~2~515~-410~270~gge7161~0^^515~-410^^M 515 -410 v -5~#880000^^0~515~-419~270~2~start~~~#0000FF^^0~511~-411~270~2~end~~~#0000FF^^0~515~-412^^0~M 518 -415 L 515 -418 L 512 -415#@$PL~510 -437 520 -442~#880000~1~0~none~gge7168~0#@$PL~510 -428 520 -432~#880000~1~0~none~gge7169~0#@$PL~520 -432 510 -437~#880000~1~0~none~gge7170~0#@$PL~520 -442 515 -445~#880000~1~0~none~gge7171~0#@$P~show~0~1~515~-450~90~gge7172~0^^515~-450^^M 515 -450 v 5~#880000^^0~515~-441~270~1~end~~~#0000FF^^0~511~-449~270~1~start~~~#0000FF^^0~515~-448^^0~M 512 -445 L 515 -442 L 518 -445","W~515 -495 515 -500~#008800~1~0~none~gge7179~0","W~515 -455 515 -450~#008800~1~0~none~gge7181~0","W~515 -410 515 -405~#008800~1~0~none~gge7182~0","W~715 -545 715 -550 675 -550~#008800~1~0~none~gge7192~0","W~715 -535 715 -530 675 -530~#008800~1~0~none~gge7193~0","F~part_netLabel_VCC~600~-585~0~gge7197~~0^^600~-585^^VCC~#000000~588~-597~0~start~1~Times New Roman~9pt~flag_gge60^^PL~600 -595 600 -585~#000000~1~0~transparent~gge7201~0^^PL~595 -595 605 -595~#000000~1~0~transparent~gge7202~0","W~600 -585 600 -570~#008800~1~0~none~gge7203~0","LIB~135~-365~package`HDR-SMD_6P-P2.00-H-M-W6.0-N`BOM_Supplier`LCSC`BOM_Supplier Part`C917593`BOM_Manufacturer`XKB Connectivity`BOM_Manufacturer Part`X4611WRS-06I-C40D28`Contributor`LCSC`BOM_JLCPCB Part Class`Extended Part`spicePre`H`spiceSymbolName`SMD HEADER 6P`~270~0~ggeff3f6012f41abf98~65281aa9d4334eaa9e84c93b57333981~9f93391e9abb4b14a2077bbf04e4695e~0~~yes~yes~10565ff0e8e74c4ca9951ff96d2a4080~1635790407~8c22b0f771e345baa1003fceeb7d81b0#@$T~N~172~-358.78125~0~#000080~Arial~~~~~comment~SMD HEADER 6P~0~start~gge7497~0~#@$T~P~172~-367.7890625~0~#000080~Arial~~~~~comment~H3~1~start~gge7208~0~#@$R~100~-375~2~2~70~20~#880000~1~0~none~gge7210~0~#@$E~165~-370~1.5~1.5~#880000~1~0~#880000~gge7211~0#@$P~show~0~1~160~-385~90~gge7212~0^^160~-385^^M 160 -385 v 10~#880000^^1~164~-371.3~270~1~end~~~#0000FF^^1~159~-375.5~270~1~start~~~#0000FF^^0~160~-378^^0~M 157 -375 L 160 -372 L 163 -375#@$P~show~0~2~150~-385~90~gge7219~0^^150~-385^^M 150 -385 v 10~#880000^^1~154~-371.3~270~2~end~~~#0000FF^^1~149~-375.5~270~2~start~~~#0000FF^^0~150~-378^^0~M 147 -375 L 150 -372 L 153 -375#@$P~show~0~3~140~-385~90~gge7226~0^^140~-385^^M 140 -385 v 10~#880000^^1~144~-371.3~270~3~end~~~#0000FF^^1~139~-375.5~270~3~start~~~#0000FF^^0~140~-378^^0~M 137 -375 L 140 -372 L 143 -375#@$P~show~0~4~130~-385~90~gge7233~0^^130~-385^^M 130 -385 v 10~#880000^^1~134~-371.3~270~4~end~~~#0000FF^^1~129~-375.5~270~4~start~~~#0000FF^^0~130~-378^^0~M 127 -375 L 130 -372 L 133 -375#@$P~show~0~5~120~-385~90~gge7240~0^^120~-385^^M 120 -385 v 10~#880000^^1~124~-371.3~270~5~end~~~#0000FF^^1~119~-375.5~270~5~start~~~#0000FF^^0~120~-378^^0~M 117 -375 L 120 -372 L 123 -375#@$P~show~0~6~110~-385~90~gge7247~0^^110~-385^^M 110 -385 v 10~#880000^^1~114~-371.3~270~6~end~~~#0000FF^^1~109~-375.5~270~6~start~~~#0000FF^^0~110~-378^^0~M 107 -375 L 110 -372 L 113 -375","LIB~170~-485~package`ESP8266-ESP12`Contributor`Ludwig_IT`spicePre`G`spiceSymbolName`ESP8266`BOM_Manufacturer Part``~~0~gge3a0c07b9e52bf8c1~d55ac7ebcb824d228ec6f87a2c671cd4~13bfaf5ed6814b38a338326344b73d2e~0~~yes~yes~ee7f5742187d4f199e9fd4207d5d597d~1635703289~3e2ae396bdc6482e90cbf2d142c54592#@$T~N~110.28125~-566.7578125~0~#000080~Arial~~~~~comment~ESP8266~1~start~gge7375~0~#@$T~P~121.015625~-576.84375~0~#000080~Arial~~~~~comment~U2~1~start~gge7377~0~#@$P~show~3~1~190~-485~0~gge7379~0^^190~-485^^M 190 -485 h -19.685~#880000^^1~160.16~-482.047~0~GND~end~~4.5pt~#0000FF^^1~181.81~-486.97~0~1~start~~4.5pt~#0000FF^^0~174~-485^^0~M 171 -488 L 168 -485 L 171 -482#@$P~show~3~2~190~-495~0~gge7386~0^^190~-495^^M 190 -495 h -19.685~#880000^^1~160.16~-492.047~0~GPIO15~end~~4.5pt~#0000FF^^1~181.81~-496.97~0~2~start~~4.5pt~#0000FF^^0~174~-495^^0~M 171 -498 L 168 -495 L 171 -492#@$P~show~3~3~190~-505~0~gge7393~0^^190~-505^^M 190 -505 h -19.685~#880000^^1~160.16~-502.047~0~GPIO2~end~~4.5pt~#0000FF^^1~181.81~-506.97~0~3~start~~4.5pt~#0000FF^^0~174~-505^^0~M 171 -508 L 168 -505 L 171 -502#@$P~show~3~4~190~-515~0~gge7400~0^^190~-515^^M 190 -515 h -19.685~#880000^^1~160.16~-512.047~0~GPIO0~end~~4.5pt~#0000FF^^1~181.81~-516.97~0~4~start~~4.5pt~#0000FF^^0~174~-515^^0~M 171 -518 L 168 -515 L 171 -512#@$P~show~3~5~190~-525~0~gge7407~0^^190~-525^^M 190 -525 h -19.685~#880000^^1~160.16~-522.047~0~GPIO5~end~~4.5pt~#0000FF^^1~181.81~-526.97~0~5~start~~4.5pt~#0000FF^^0~174~-525^^0~M 171 -528 L 168 -525 L 171 -522#@$P~show~3~6~190~-535~0~gge7414~0^^190~-535^^M 190 -535 h -19.685~#880000^^1~160.16~-532.047~0~GPIO4~end~~4.5pt~#0000FF^^1~181.81~-536.97~0~6~start~~4.5pt~#0000FF^^0~174~-535^^0~M 171 -538 L 168 -535 L 171 -532#@$P~show~3~7~190~-545~0~gge7421~0^^190~-545^^M 190 -545 h -19.685~#880000^^1~160.16~-542.047~0~RXD~end~~4.5pt~#0000FF^^1~181.81~-546.97~0~7~start~~4.5pt~#0000FF^^0~174~-545^^0~M 171 -548 L 168 -545 L 171 -542#@$P~show~3~8~190~-555~0~gge7428~0^^190~-555^^M 190 -555 h -19.685~#880000^^1~160.16~-552.047~0~TXD~end~~4.5pt~#0000FF^^1~181.81~-556.97~0~8~start~~4.5pt~#0000FF^^0~174~-555^^0~M 171 -558 L 168 -555 L 171 -552#@$P~show~3~9~70~-555~180~gge7435~0^^70~-555^^M 70 -555 h 19.685~#880000^^1~99.21~-552.047~0~REST~start~~4.5pt~#0000FF^^1~77.56~-556.97~0~9~end~~4.5pt~#0000FF^^0~86~-555^^0~M 89 -552 L 92 -555 L 89 -558#@$P~show~3~10~70~-545~180~gge7442~0^^70~-545^^M 70 -545 h 19.685~#880000^^1~99.21~-542.047~0~ADC~start~~4.5pt~#0000FF^^1~77.56~-546.97~0~10~end~~4.5pt~#0000FF^^0~86~-545^^0~M 89 -542 L 92 -545 L 89 -548#@$P~show~3~11~70~-535~180~gge7449~0^^70~-535^^M 70 -535 h 19.685~#880000^^1~99.21~-532.047~0~CH_PD~start~~4.5pt~#0000FF^^1~77.56~-536.97~0~11~end~~4.5pt~#0000FF^^0~86~-535^^0~M 89 -532 L 92 -535 L 89 -538#@$P~show~3~12~70~-525~180~gge7456~0^^70~-525^^M 70 -525 h 19.685~#880000^^1~99.21~-522.047~0~GPIO16~start~~4.5pt~#0000FF^^1~77.56~-526.97~0~12~end~~4.5pt~#0000FF^^0~86~-525^^0~M 89 -522 L 92 -525 L 89 -528#@$P~show~3~13~70~-515~180~gge7463~0^^70~-515^^M 70 -515 h 19.685~#880000^^1~99.21~-512.047~0~GPIO14~start~~4.5pt~#0000FF^^1~77.56~-516.97~0~13~end~~4.5pt~#0000FF^^0~86~-515^^0~M 89 -512 L 92 -515 L 89 -518#@$P~show~3~14~70~-505~180~gge7470~0^^70~-505^^M 70 -505 h 19.685~#880000^^1~99.21~-502.047~0~GPIO12~start~~4.5pt~#0000FF^^1~77.56~-506.97~0~14~end~~4.5pt~#0000FF^^0~86~-505^^0~M 89 -502 L 92 -505 L 89 -508#@$P~show~3~15~70~-495~180~gge7477~0^^70~-495^^M 70 -495 h 19.685~#880000^^1~99.21~-492.047~0~GPIO13~start~~4.5pt~#0000FF^^1~77.56~-496.97~0~15~end~~4.5pt~#0000FF^^0~86~-495^^0~M 89 -492 L 92 -495 L 89 -498#@$P~show~3~16~70~-485~180~gge7484~0^^70~-485^^M 70 -485 h 19.685~#880000^^1~99.21~-482.047~0~VCC~start~~4.5pt~#0000FF^^1~77.56~-486.97~0~16~end~~4.5pt~#0000FF^^0~86~-485^^0~M 89 -482 L 92 -485 L 89 -488#@$PL~89.69 -475 169.69 -475~#880000~1~0~none~gge7491~0#@$PL~169.69 -475 169.69 -565~#880000~1~0~none~gge7492~0#@$PL~169.69 -565 89.69 -565~#880000~1~0~none~gge7493~0#@$PL~89.69 -565 89.69 -475~#880000~1~0~none~gge7494~0#@$T~L~110~-475~0~#0000FF~~3.8pt~0.4~~text-after-edge~comment~ESP8266_ESP-12~1~start~gge7495~0~pinpart","F~part_netLabel_gnD~570~-450~0~gge7569~~0^^570~-450^^GND~#000000~557~-424~0~start~1~Times New Roman~9pt~flag_gge61^^PL~570 -440 570 -450~#000000~1~0~transparent~gge7573~0^^PL~561 -440 579 -440~#000000~1~0~transparent~gge7574~0^^PL~564 -438 576 -438~#000000~1~0~transparent~gge7575~0^^PL~567 -436 573 -436~#000000~1~0~transparent~gge7576~0^^PL~569 -434 571 -434~#000000~1~0~transparent~gge7577~0","W~570 -495 570 -500~#008800~1~0~none~gge7578~0","W~570 -455 570 -450~#008800~1~0~none~gge7580~0","W~600 -480 600 -460~#008800~1~0~none~gge7581~0","LIB~540~-500~package`R0805`nameAlias`Value(\u03a9)`BOM_Supplier Part``BOM_Supplier``Contributor`LCEDA_Lib`spicePre`R`spiceSymbolName`R_0805_US`BOM_Manufacturer Part``~180~0~gge2267584e3ed3b6b1~b60f399a7a7e41848b2be1eb49c79141~9698a5ebc38f435fb5a5f9ff5b84927c~0~~yes~yes~~1586861910~#@$T~N~534.046875~-508~0~#000080~Arial~~~~~comment~1k~1~start~gge7585~0~#@$T~P~534.046875~-517~0~#000080~Arial~~~~~comment~R9~1~start~gge7587~0~#@$PL~525 -500 528 -505~#880000~1~0~none~gge7589~0#@$PL~533 -495 538 -505~#880000~1~0~none~gge7590~0#@$PL~528 -505 533 -495~#880000~1~0~none~gge7591~0#@$P~show~0~2~520~-500~180~gge7592~0^^520~-500^^M 520 -500 h 5~#880000^^0~529~-500~0~2~start~~~#0000FF^^0~521~-504~0~2~end~~~#0000FF^^0~522~-500^^0~M 525 -497 L 528 -500 L 525 -503#@$PL~547 -505 552 -495~#880000~1~0~none~gge7599~0#@$PL~538 -505 542 -495~#880000~1~0~none~gge7600~0#@$PL~542 -495 547 -505~#880000~1~0~none~gge7601~0#@$PL~552 -495 555 -500~#880000~1~0~none~gge7602~0#@$P~show~0~1~560~-500~0~gge7603~0^^560~-500^^M 560 -500 h -5~#880000^^0~551~-500~0~1~end~~~#0000FF^^0~559~-504~0~1~start~~~#0000FF^^0~558~-500^^0~M 555 -503 L 552 -500 L 555 -497","LIB~570~-475~package`R0805`nameAlias`Value(\u03a9)`BOM_Supplier Part``BOM_Supplier``Contributor`LCEDA_Lib`spicePre`R`spiceSymbolName`R_0805_US`BOM_Manufacturer Part``~90~0~ggebbfa78d120da2671~b60f399a7a7e41848b2be1eb49c79141~9698a5ebc38f435fb5a5f9ff5b84927c~0~~yes~yes~~1586861910~#@$T~N~577~-462.75~0~#000080~Arial~~~~~comment~10k~1~start~gge7613~0~#@$T~P~577.0078125~-471.75~0~#000080~Arial~~~~~comment~R10~1~start~gge7615~0~#@$PL~570 -490 575 -487~#880000~1~0~none~gge7617~0#@$PL~565 -482 575 -477~#880000~1~0~none~gge7618~0#@$PL~575 -487 565 -482~#880000~1~0~none~gge7619~0#@$P~show~0~2~570~-495~90~gge7620~0^^570~-495^^M 570 -495 v 5~#880000^^0~570~-486~270~2~end~~~#0000FF^^0~566~-494~270~2~start~~~#0000FF^^0~570~-493^^0~M 567 -490 L 570 -487 L 573 -490#@$PL~575 -468 565 -463~#880000~1~0~none~gge7627~0#@$PL~575 -477 565 -473~#880000~1~0~none~gge7628~0#@$PL~565 -473 575 -468~#880000~1~0~none~gge7629~0#@$PL~565 -463 570 -460~#880000~1~0~none~gge7630~0#@$P~show~0~1~570~-455~270~gge7631~0^^570~-455^^M 570 -455 v -5~#880000^^0~570~-464~270~1~start~~~#0000FF^^0~566~-456~270~1~end~~~#0000FF^^0~570~-457^^0~M 573 -460 L 570 -463 L 567 -460","LIB~515~-475~package`LED1206-R-RD`BOM_Supplier`LCSC`BOM_Supplier Part`C192678`BOM_Manufacturer`TOGIALED`BOM_Manufacturer Part`TJ-S3216SW9TGLC2G-A5`Contributor`LCSC`BOM_JLCPCB Part Class`Extended Part`spicePre`L`spiceSymbolName`LED-1206`~270~0~gge00b648d2ecb1c51d~0a940a525b9c48ed84e36ff31ec5bcc7~578682a2a6bb4c65927bcd46a7a83d03~0~~yes~yes~bedde9d572484f5881a24aec84cb80fd~1636040860~fc9292e117a94f28bba465a0bfc00353#@$T~N~534~-462.5625~0~#000080~Arial~~~~~comment~LED-1206~0~start~gge7882~0~#@$T~P~523.34~-471.76~0~#000080~Arial~~~~~comment~LED2~1~start~gge7834~0~#@$PT~M 528 -460 L 526 -464 L 524 -462 Z ~#880000~1~0~#880000~gge7836~0~#@$PT~M 532 -464 L 530 -468 L 528 -466 Z ~#880000~1~0~#880000~gge7837~0~#@$P~show~0~2~515~-455~270~gge7838~0^^515~-455^^M 515 -455 v -15~#880000^^0~515~-474~270~K~start~~~#0000FF^^0~511~-466~270~2~end~~~#0000FF^^0~515~-467^^0~M 518 -470 L 515 -473 L 512 -470#@$PL~521 -467 528 -460~#880000~1~0~none~gge7845~0#@$PL~525 -471 532 -464~#880000~1~0~none~gge7846~0#@$P~show~0~1~515~-495~90~gge7847~0^^515~-495^^M 515 -495 v 15~#880000^^0~515~-476~270~A~end~~~#0000FF^^0~511~-484~270~1~start~~~#0000FF^^0~515~-483^^0~M 512 -480 L 515 -477 L 518 -480#@$PL~523 -470 507 -470~#880000~1~0~none~gge7854~0#@$PT~M 509 -480 L 515 -470 L 522 -480 Z ~#880000~1~0~#880000~gge7855~0~","LIB~385~-730~package`LED1206-R-RD`BOM_Supplier`LCSC`BOM_Supplier Part`C192678`BOM_Manufacturer`TOGIALED`BOM_Manufacturer Part`TJ-S3216SW9TGLC2G-A5`Contributor`LCSC`BOM_JLCPCB Part Class`Extended Part`spicePre`L`spiceSymbolName`LED-1206`~270~0~ggec7080ae6eed374c6~0a940a525b9c48ed84e36ff31ec5bcc7~578682a2a6bb4c65927bcd46a7a83d03~0~~yes~yes~bedde9d572484f5881a24aec84cb80fd~1636040860~fc9292e117a94f28bba465a0bfc00353#@$T~N~404~-717.5625~0~#000080~Arial~~~~~comment~LED-1206~0~start~gge7886~0~#@$T~P~393.34~-726.84~0~#000080~Arial~~~~~comment~LED1~1~start~gge7888~0~#@$PT~M 398 -715 L 396 -719 L 394 -717 Z ~#880000~1~0~#880000~gge7890~0~#@$PT~M 402 -719 L 400 -723 L 398 -721 Z ~#880000~1~0~#880000~gge7891~0~#@$P~show~0~2~385~-710~270~gge7892~0^^385~-710^^M 385 -710 v -15~#880000^^0~385~-729~270~K~start~~~#0000FF^^0~381~-721~270~2~end~~~#0000FF^^0~385~-722^^0~M 388 -725 L 385 -728 L 382 -725#@$PL~391 -722 398 -715~#880000~1~0~none~gge7899~0#@$PL~395 -726 402 -719~#880000~1~0~none~gge7900~0#@$P~show~0~1~385~-750~90~gge7901~0^^385~-750^^M 385 -750 v 15~#880000^^0~385~-731~270~A~end~~~#0000FF^^0~381~-739~270~1~start~~~#0000FF^^0~385~-738^^0~M 382 -735 L 385 -732 L 388 -735#@$PL~393 -725 377 -725~#880000~1~0~none~gge7908~0#@$PT~M 379 -735 L 385 -725 L 392 -735 Z ~#880000~1~0~#880000~gge7909~0~","T~L~735~-775~0~#0000FF~Arial Black~16pt~~~~comment~Button~1~start~gge7912~0~pinpart","R~730~-795~~~140~185~#000000~1~0~none~gge7915~1~","F~part_netLabel_gnD~795~-705~0~gge7967~~0^^795~-705^^GND~#000000~782.015625~-677.796875~0~start~1~Times New Roman~9pt~flag_gge62^^PL~795 -695 795 -705~#000000~1~0~transparent~gge7971~0^^PL~786 -695 804 -695~#000000~1~0~transparent~gge7972~0^^PL~789 -693 801 -693~#000000~1~0~transparent~gge7973~0^^PL~792 -691 798 -691~#000000~1~0~transparent~gge7974~0^^PL~794 -689 796 -689~#000000~1~0~transparent~gge7975~0","W~790 -710 795 -710 795 -705~#008800~1~0~none~gge8002~0","F~part_netLabel_netPort~800~-720~180~gge8003~~0^^800~-720^^GPIO0~#0000FF~821.79~-717.89~0~start~1~Times New Roman~8pt~flag_gge63^^PL~800 -720 805 -725 820 -725 820 -715 805 -715 800 -720~#0000FF~1~0~transparent~gge8007~0","W~800 -720 790 -720~#008800~1~0~none~gge8016~0","LIB~25~-710~package`HDR-TH_2P-P2.54-V-F`BOM_Supplier`LCSC`BOM_Manufacturer`BOOMELE`BOM_Manufacturer Part`2.54-1*2PFemale`BOM_Supplier Part`C49661`BOM_JLCPCB Part Class`Extended Part`spicePre`H`spiceSymbolName`HEADER-2.54`~180~0~gge10202~87a6157b718c4907bf1fbdb615b7131e~f39916cee9264ae281d255983c1225f6~0~~yes~yes~be82d3afa4f34d3bb8fd835438f4a641~1636285341~0ab6c73becfb4f72b3c56672db09dd8d#@$T~N~20.03125~-727.96875~0~#000080~Arial~~~~~comment~HEADER-2.54~0~start~gge9971~0~#@$T~P~14.046875~-726.7578125~0~#000080~Arial~~~~~comment~H1~1~start~gge9933~0~#@$R~10~-725~2~2~20~30~#880000~1~0~none~gge10203~0~#@$P~show~1~1~40~-705~0~gge10204~0^^40~-705^^M 40 -705 h -10~#000000^^1~25~-702~0~1~end~~~#000000^^0~30~-706~0~1~start~~~#000000^^0~33~-705^^0~M 30 -708 L 27 -705 L 30 -702#@$P~show~1~2~40~-715~0~gge10211~0^^40~-715^^M 40 -715 h -10~#000000^^1~25~-712~0~2~end~~~#000000^^0~30~-716~0~2~start~~~#000000^^0~33~-715^^0~M 30 -718 L 27 -715 L 30 -712","LIB~490~-715~package`HDR-TH_2P-P2.54-V-F`BOM_Supplier`LCSC`BOM_Manufacturer`BOOMELE`BOM_Manufacturer Part`2.54-1*2PFemale`BOM_Supplier Part`C49661`BOM_JLCPCB Part Class`Extended Part`spicePre`H`spiceSymbolName`HEADER-2.54`~180~0~gge10218~87a6157b718c4907bf1fbdb615b7131e~f39916cee9264ae281d255983c1225f6~0~~yes~yes~be82d3afa4f34d3bb8fd835438f4a641~1636285341~0ab6c73becfb4f72b3c56672db09dd8d#@$T~N~485.03125~-733~0~#000080~Arial~~~~~comment~HEADER-2.54~0~start~gge10012~0~#@$T~P~479.046875~-731.8515625~0~#000080~Arial~~~~~comment~H2~1~start~gge9974~0~#@$R~475~-730~2~2~20~30~#880000~1~0~none~rep2~0~#@$P~show~1~1~505~-710~0~rep3~0^^505~-710^^M 505 -710 h -10~#000000^^1~490~-707~0~1~end~~~#000000^^0~495~-711~0~1~start~~~#000000^^0~498~-710^^0~M 495 -713 L 492 -710 L 495 -707#@$P~show~1~2~505~-720~0~rep4~0^^505~-720^^M 505 -720 h -10~#000000^^1~490~-717~0~2~end~~~#000000^^0~495~-721~0~2~start~~~#000000^^0~498~-720^^0~M 495 -723 L 492 -720 L 495 -717","LIB~775~-715~package`HDR-TH_2P-P2.54-V-F`BOM_Supplier`LCSC`BOM_Manufacturer`BOOMELE`BOM_Manufacturer Part`2.54-1*2PFemale`BOM_Supplier Part`C49661`BOM_JLCPCB Part Class`Extended Part`spicePre`H`spiceSymbolName`HEADER-2.54`~180~0~gge10231~87a6157b718c4907bf1fbdb615b7131e~f39916cee9264ae281d255983c1225f6~0~~yes~yes~be82d3afa4f34d3bb8fd835438f4a641~1636285341~0ab6c73becfb4f72b3c56672db09dd8d#@$T~N~770.03125~-733~0~#000080~Arial~~~~~comment~HEADER-2.54~0~start~gge10053~0~#@$T~P~764.046875~-731.8046875~0~#000080~Arial~~~~~comment~H5~1~start~gge10015~0~#@$R~760~-730~2~2~20~30~#880000~1~0~none~gge10232~0~#@$P~show~1~1~790~-710~0~gge10233~0^^790~-710^^M 790 -710 h -10~#000000^^1~775~-707~0~1~end~~~#000000^^0~780~-711~0~1~start~~~#000000^^0~783~-710^^0~M 780 -713 L 777 -710 L 780 -707#@$P~show~1~2~790~-720~0~gge10240~0^^790~-720^^M 790 -720 h -10~#000000^^1~775~-717~0~2~end~~~#000000^^0~780~-721~0~2~start~~~#000000^^0~783~-720^^0~M 780 -723 L 777 -720 L 780 -717","LIB~695~-540~package`CONN-TH_P5.08_HT508R-5.08-2P`BOM_Supplier`LCSC`BOM_Supplier Part`C577832`BOM_Manufacturer`Cixi Kefa Elec`BOM_Manufacturer Part`HT508R-5.08-2P`Contributor`LCSC`BOM_JLCPCB Part Class`Extended Part`spicePre`C`spiceSymbolName`HT508R-5.08-2P`~180~0~gge39af2e8a21465172~9965ba2f80c543629939e22632754363~744dec944485462180e80cbdf02cdfce~0~~yes~yes~816ef063e99644669c323291522ac843~1636300712~2cfaeba2fdd7409c97c0ceea6bcc9a2e#@$T~N~691.671875~-558~0~#000080~Arial~~~~~comment~HT508R-5.08-2P~0~start~gge10284~0~#@$T~P~685.671875~-556.7578125~0~#000080~Arial~~~~~comment~CN1~1~start~gge10244~0~#@$R~685~-555~2~2~20~30~#880000~1~0~none~gge10246~0~#@$E~700~-530~1.5~1.5~#880000~1~0~#880000~gge10247~0#@$P~show~0~1~715~-535~0~gge10248~0^^715~-535^^M 715 -535 h -10~#880000^^1~701.3~-531~0~1~end~~~#0000FF^^1~705.5~-536~0~1~start~~~#0000FF^^0~708~-535^^0~M 705 -538 L 702 -535 L 705 -532#@$P~show~0~2~715~-545~0~gge10255~0^^715~-545^^M 715 -545 h -10~#880000^^1~701.3~-541~0~2~end~~~#0000FF^^1~705.5~-546~0~2~start~~~#0000FF^^0~708~-545^^0~M 705 -548 L 702 -545 L 705 -542","J~510~-710~2.5~#CC0000~gge1471~0","J~615~-710~2.5~#CC0000~gge1554~0","J~590~-570~2.5~#CC0000~gge1702~0","J~590~-530~2.5~#CC0000~gge1705~0","J~600~-530~2.5~#CC0000~gge1927~0","J~515~-500~2.5~#CC0000~gge7180~0","J~600~-570~2.5~#CC0000~gge7204~0","J~570~-500~2.5~#CC0000~gge7579~0","LIB~645~-550~package`RELAY-TH_HT3F-DCXX-X-X`BOM_Supplier`LCSC`BOM_Manufacturer`HTV`BOM_Manufacturer Part`RelayHT3F-12VDC-SHG`BOM_Supplier Part`C22022`BOM_JLCPCB Part Class`Extended Part`spicePre`K`spiceSymbolName`RELAY`~~0~gge10285~e6d3ab8fa8d1475d90c9bd30d4210ac7~16a457e6f57b46bd8434a622b976fe65~0~~yes~yes~6485d301e3d04ac9a0415e966479ef28~1636300630~b21ad896df2f42a4b962d8daef7af349#@$T~N~634.109375~-583.109375~0~#000080~Arial~~~~~comment~RELAY_STANDART~0~start~gge10201~0~#@$T~P~634.3046875~-581.8515625~0~#000080~Arial~~~~~comment~K1~1~start~gge10097~0~#@$A~M 625 -562 A 4 4 0 1 1 625 -554~~#880000~1~0~none~gge51~0#@$A~M 625 -554 A 4 4 0 1 1 625 -546~~#880000~1~0~none~gge10286~0#@$A~M 625 -546 A 4 4 0 1 1 625 -538~~#880000~1~0~none~gge53~0#@$PL~625 -562 625 -570 615 -570~#880000~1~0~none~gge10287~0#@$PL~625 -538 625 -530 615 -530~#880000~1~0~none~gge55~0#@$E~649~-559~2~2~#880000~1~0~none~gge10288~0#@$PL~649 -561 649 -570 665 -570~#880000~1~0~none~gge57~0#@$E~649~-541~2~2~#880000~1~0~none~gge10289~0#@$PL~649 -539 649 -530 665 -530~#880000~1~0~none~gge59~0#@$P~show~0~2~605~-530~180~gge10290~0^^605~-530^^M 605 -530 h 10~#880000^^0~617~-527~0~2~start~~~#0000FF^^1~615~-531~0~2~end~~~#0000FF^^0~612~-530^^0~M 615 -527 L 618 -530 L 615 -533#@$P~show~0~5~605~-570~180~gge67~0^^605~-570^^M 605 -570 h 10~#880000^^0~617~-567~0~5~start~~~#0000FF^^1~615~-571~0~5~end~~~#0000FF^^0~612~-570^^0~M 615 -567 L 618 -570 L 615 -573#@$P~show~0~4~675~-570~0~gge10303~0^^675~-570^^M 675 -570 h -10~#880000^^0~663~-567~0~4~end~~~#0000FF^^1~665~-571~0~4~start~~~#0000FF^^0~668~-570^^0~M 665 -573 L 662 -570 L 665 -567#@$P~show~0~3~675~-530~0~gge81~0^^675~-530^^M 675 -530 h -10~#880000^^0~663~-527~0~3~end~~~#0000FF^^1~665~-531~0~3~start~~~#0000FF^^0~668~-530^^0~M 665 -533 L 662 -530 L 665 -527#@$R~615~-580~2~2~50~60~#880000~1~0~none~gge88~0~#@$PL~645 -558 659 -550~#880000~1~0~none~gge89~0#@$P~show~0~1~675~-550~~gge90~0^^675~-550^^M 675 -550 h -10~#880000^^0~663~-547~0~1~end~~~#0000FF^^1~665~-551~0~1~start~~~#0000FF^^0~668~-550^^0~M 665 -553 L 662 -550 L 665 -547#@$E~661~-550~2~2~#880000~1~0~none~gge97~0#@$PL~663 -550 665 -550~#880000~1~0~none~gge99~0"],"BBox":{"x":0,"y":-806.8,"width":1149,"height":807.4},"colors":{"select":"#FF0000"}}}],"docType":5,"title":"ESP8266 Basic Board","name":"ESP8266 Basic Board"}