{"schematics":[{"docType":1,"title":"Schematic","dataStr":{"head":{"docType":"1","editorVersion":"6.4.25","newgId":true,"c_para":{"Prefix Start":"1"},"c_spiceCmd":"null","hasIdFlag":true,"uuid":"4780a65d6d3b4ad9b1732216ed5a715b","x":"0","y":"0","portOfADImportHack":"","importFlag":0,"transformList":""},"canvas":"CA~1000~1000~#000000~yes~#CCCCCC~5~1000~1000~line~5~pixel~5~0~0","shape":["LIB~0~-806~package`NONE`BOM_Manufacturer Part`?`spicePre`.`~~0~frame_lib_1~~~0~~yes~yes~~~#@$T~N~570.61~-809~0~#FFFFFF~Arial~~~~~comment~A~0~start~gge78~0~#@$PT~M 206 -796 L 206 -806 M 206 -10 L 206 0 M 402 -796 L 402 -806 M 402 -10 L 402 0 M 598 -796 L 598 -806 M 598 -10 L 598 0 M 794 -796 L 794 -806 M 794 -10 L 794 0 M 990 -796 L 990 -806 M 990 -10 L 990 0 M 10 -600 L 0 -600 M 1139 -600 L 1149 -600 M 10 -404 L 0 -404 M 1139 -404 L 1149 -404 M 10 -208 L 0 -208 M 1139 -208 L 1149 -208 M 10 -12 L 0 -12 M 1139 -12 L 1149 -12~#FFFFFF~1~0~none~gge6~0~frame_tick#@$T~P~571.72~-818.22~0~#FFFFFF~Arial~~~~~comment~A~0~start~gge77~0~#@$T~L~1.5~-698~0~#FFFFFF~~~~~~comment~A~1~start~gge7~0~frame_tick#@$T~L~1140.5~-698~0~#FFFFFF~~~~~~comment~A~1~start~gge9~0~frame_tick#@$T~L~1.5~-502~0~#FFFFFF~~~~~~comment~B~1~start~gge11~0~frame_tick#@$T~L~1140.5~-502~0~#FFFFFF~~~~~~comment~B~1~start~gge13~0~frame_tick#@$T~L~1.5~-306~0~#FFFFFF~~~~~~comment~C~1~start~gge15~0~frame_tick#@$T~L~1140.5~-306~0~#FFFFFF~~~~~~comment~C~1~start~gge17~0~frame_tick#@$T~L~1.5~-110~0~#FFFFFF~~~~~~comment~D~1~start~gge19~0~frame_tick#@$T~L~1140.5~-110~0~#FFFFFF~~~~~~comment~D~1~start~gge21~0~frame_tick#@$T~L~108~-797.5~0~#FFFFFF~~~~~~comment~1~1~start~gge23~0~frame_tick#@$T~L~108~-1.5~0~#FFFFFF~~~~~~comment~1~1~start~gge25~0~frame_tick#@$T~L~304~-797.5~0~#FFFFFF~~~~~~comment~2~1~start~gge27~0~frame_tick#@$T~L~304~-1.5~0~#FFFFFF~~~~~~comment~2~1~start~gge29~0~frame_tick#@$T~L~500~-797.5~0~#FFFFFF~~~~~~comment~3~1~start~gge31~0~frame_tick#@$T~L~500~-1.5~0~#FFFFFF~~~~~~comment~3~1~start~gge33~0~frame_tick#@$T~L~696~-797.5~0~#FFFFFF~~~~~~comment~4~1~start~gge35~0~frame_tick#@$T~L~696~-1.5~0~#FFFFFF~~~~~~comment~4~1~start~gge37~0~frame_tick#@$T~L~892~-797.5~0~#FFFFFF~~~~~~comment~5~1~start~gge39~0~frame_tick#@$T~L~892~-1.5~0~#FFFFFF~~~~~~comment~5~1~start~gge41~0~frame_tick#@$R~10~-796~~~1129~786~#FFFFFF~1~0~none~gge43~0~frame_innerbox#@$R~0~-806~~~1149~806~#FFFFFF~1~0~none~gge44~0~frame_outbox#@$R~694.99995~-90~~~444~80~#FFFFFF~1~0~none~gge45~0~frame_hitarea#@$PL~695.1 -50.75 1138.63 -50.75~#FFFFFF~1~0~none~gge46~0#@$PL~799.63 -30.75 1138.63 -30.75~#FFFFFF~1~0~none~gge47~0#@$PL~1059.61 -89.93 1059.63 -50.75~#FFFFFF~1~0~none~gge48~0#@$PL~1059.63 -50.75 1059.63 -30.75~#FFFFFF~1~0~none~gge49~0#@$T~L~699.99995~-77~0~#FFFFFF~~8pt~~~~comment~TITLE:~1~start~gge50~0~pinpart#@$T~L~757.62495~-64.41~0~#FFFFFF~~10pt~~~~comment~Basic Relay Schematic~1~start~gge52~0~frame_title#@$T~L~1064.62495~-63.75~0~#FFFFFF~~8pt~~~~comment~REV:~1~start~gge54~0~pinpart#@$T~L~1095~-60~0~#FFFFFF~~9pt~bold~~~comment~V1.1~1~start~gge56~0~frame_version#@$T~L~804.62495~-15~0~#FFFFFF~~8pt~~~~comment~Date:~1~start~gge58~0~pinpart#@$T~L~851.62495~-14.52~0~#FFFFFF~~9pt~~~~comment~2021-11-21~1~start~gge60~0~frame_date#@$T~L~1063.62495~-35~0~#FFFFFF~~8pt~~~~comment~Sheet:~1~start~gge62~0~pinpart#@$T~L~1108.62495~-34.52~0~#FFFFFF~~9pt~~~~comment~1\/1~1~start~gge64~0~frame_sheet#@$T~L~943.62495~-14.75~0~#FFFFFF~~8pt~~~~comment~Drawn By:~1~start~gge66~0~pinpart#@$T~L~1008.63~-14.75~0~#FFFFFF~~9pt~~~~comment~Efkan G\u00fcvenir~1~start~gge68~0~frame_drawn#@$T~L~804.62495~-36.75~0~#FFFFFF~~8pt~~~~comment~Company:~1~start~gge70~0~pinpart#@$T~L~871.24995~-36.64~0~#FFFFFF~~9pt~~~~comment~Doruk Teknik~1~start~gge72~0~frame_company#@$PL~799.63 -50.75 799.63 -10.75~#FFFFFF~1~0~none~gge74~0","LIB~370~-710~package`RELAY-TH_HT3F-DCXX-X-X`BOM_Supplier`LCSC`BOM_Manufacturer`HTV`BOM_Manufacturer Part`RelayHT3F-12VDC-SHG`BOM_Supplier Part`C22022`BOM_JLCPCB Part Class`Extended Part`spicePre`K`spiceSymbolName`RELAY`~~0~ggea68387c49a048633~e6d3ab8fa8d1475d90c9bd30d4210ac7~16a457e6f57b46bd8434a622b976fe65~0~~yes~yes~6485d301e3d04ac9a0415e966479ef28~1636300630~b21ad896df2f42a4b962d8daef7af349#@$T~N~349.87~-741.71~0~#FFFFFF~Arial~~~~~comment~RELAY~1~start~gge79~0~#@$T~P~359.11~-752.22~0~#FFFFFF~Arial~~~~~comment~K1~1~start~gge82~0~#@$A~M 350 -722 A 4 4 0 1 1 350 -714~~#FFFFFF~1~0~none~gge84~0#@$A~M 350 -714 A 4 4 0 1 1 350 -706~~#FFFFFF~1~0~none~gge85~0#@$A~M 350 -706 A 4 4 0 1 1 350 -698~~#FFFFFF~1~0~none~gge86~0#@$PL~350 -722 350 -730 340 -730~#FFFFFF~1~0~none~gge87~0#@$PL~350 -698 350 -690 340 -690~#FFFFFF~1~0~none~gge91~0#@$E~374~-719~2~2~#FFFFFF~1~0~none~gge92~0#@$PL~374 -721 374 -730 390 -730~#FFFFFF~1~0~none~gge93~0#@$E~374~-701~2~2~#FFFFFF~1~0~none~gge94~0#@$PL~374 -699 374 -690 390 -690~#FFFFFF~1~0~none~gge95~0#@$P~show~0~2~330~-690~180~gge96~0^^330~-690^^M 330 -690 h 10~#FFFFFF^^0~342~-687~0~2~start~~~#FFFFFF^^1~340~-691~0~2~end~~~#FFFFFF^^0~337~-690^^0~M 340 -687 L 343 -690 L 340 -693#@$P~show~0~5~330~-730~180~gge105~0^^330~-730^^M 330 -730 h 10~#FFFFFF^^0~342~-727~0~5~start~~~#FFFFFF^^1~340~-731~0~5~end~~~#FFFFFF^^0~337~-730^^0~M 340 -727 L 343 -730 L 340 -733#@$P~show~0~4~400~-730~0~gge112~0^^400~-730^^M 400 -730 h -10~#FFFFFF^^0~388~-727~0~4~end~~~#FFFFFF^^1~390~-731~0~4~start~~~#FFFFFF^^0~393~-730^^0~M 390 -733 L 387 -730 L 390 -727#@$P~show~0~3~400~-690~0~gge119~0^^400~-690^^M 400 -690 h -10~#FFFFFF^^0~388~-687~0~3~end~~~#FFFFFF^^1~390~-691~0~3~start~~~#FFFFFF^^0~393~-690^^0~M 390 -693 L 387 -690 L 390 -687#@$R~340~-740~2~2~50~60~#FFFFFF~1~0~none~gge126~0~#@$PL~370 -718 384 -710~#FFFFFF~1~0~none~gge127~0#@$P~show~0~1~400~-710~~gge128~0^^400~-710^^M 400 -710 h -10~#FFFFFF^^0~388~-707~0~1~end~~~#FFFFFF^^1~390~-711~0~1~start~~~#FFFFFF^^0~393~-710^^0~M 390 -713 L 387 -710 L 390 -707#@$E~386~-710~2~2~#FFFFFF~1~0~none~gge135~0#@$PL~388 -710 390 -710~#FFFFFF~1~0~none~gge136~0","LIB~135~-650~package`LED1206-R-RD`BOM_Supplier`LCSC`BOM_Supplier Part`C192678`BOM_Manufacturer`TOGIALED`BOM_Manufacturer Part`TJ-S3216SW9TGLC2G-A5`Contributor`LCSC`BOM_JLCPCB Part Class`Extended Part`spicePre`L`spiceSymbolName`LED-1206`~270~0~gge4b5049ae15dfad6f~0a940a525b9c48ed84e36ff31ec5bcc7~578682a2a6bb4c65927bcd46a7a83d03~0~~yes~yes~bedde9d572484f5881a24aec84cb80fd~1636040860~fc9292e117a94f28bba465a0bfc00353#@$T~N~154~-637.75~0~#FFFFFF~Arial~~~~~comment~LED-1206~0~start~gge482~0~#@$T~P~154.01~-646.7525~0~#FFFFFF~Arial~~~~~comment~LED1~1~start~gge296~0~#@$PT~M 148 -635 L 146 -639 L 144 -637 Z ~#FFFFFF~1~0~#FFFFFF~gge298~0~#@$PT~M 152 -639 L 150 -643 L 148 -641 Z ~#FFFFFF~1~0~#FFFFFF~gge299~0~#@$P~show~0~2~135~-630~270~gge300~0^^135~-630^^M 135 -630 v -15~#FFFFFF^^0~135~-649~270~K~start~~~#FFFFFF^^0~131~-641~270~2~end~~~#FFFFFF^^0~135~-642^^0~M 138 -645 L 135 -648 L 132 -645#@$PL~141 -642 148 -635~#FFFFFF~1~0~none~gge307~0#@$PL~145 -646 152 -639~#FFFFFF~1~0~none~gge308~0#@$P~show~0~1~135~-670~90~gge309~0^^135~-670^^M 135 -670 v 15~#FFFFFF^^0~135~-651~270~A~end~~~#FFFFFF^^0~131~-659~270~1~start~~~#FFFFFF^^0~135~-658^^0~M 132 -655 L 135 -652 L 138 -655#@$PL~143 -645 127 -645~#FFFFFF~1~0~none~gge316~0#@$PT~M 129 -655 L 135 -645 L 142 -655 Z ~#FFFFFF~1~0~#FFFFFF~gge317~0~","LIB~315~-665~package`SOT-23-3_L2.9-W1.3-P1.90-LS2.4-BR`BOM_Supplier`LCSC`BOM_Supplier Part`C2835587`BOM_Manufacturer`null`BOM_Manufacturer Part`BC850CMTF`Contributor`LCSC`BOM_JLCPCB Part Class`Extended Part`spicePre`U`spiceSymbolName`2N2222A SOT-23`~~0~gge6e556a91b08f80f0~bade90667a6e4731855e9a223387b8a6~c7bb2e4fc5374290b44ea7da44196d78~0~~yes~yes~a047f0c4c6a64b9aac780b4923a59af0~1635703993~83fd4f0045e14c1194e53e58b01ae16c#@$T~N~310.37~-661.71~0~#FFFFFF~Arial~~~~~comment~2N2222A~1~start~gge344~0~#@$T~P~319.04~-671.71~0~#FFFFFF~Arial~~~~~comment~U1~1~start~gge346~0~#@$PG~315 -655 312 -660 309 -656~#FFFFFF~1~0~#FFFFFF~gge348~0#@$PL~305 -674 305 -656~#FFFFFF~1~0~none~gge349~0#@$PL~305 -662 315 -655~#FFFFFF~1~0~none~gge350~0#@$PL~315 -675 305 -668~#FFFFFF~1~0~none~gge351~0#@$P~show~1~2~315~-645~270~gge352~0^^315~-645^^M 315 -645 v -10~#FFFFFF^^0~318~-660~270~E~start~~~#FFFFFF^^0~314~-655~270~2~end~~~#FFFFFF^^0~315~-652^^0~M 318 -655 L 315 -658 L 312 -655#@$P~show~1~3~315~-685~90~gge359~0^^315~-685^^M 315 -685 v 10~#FFFFFF^^0~318~-670~270~C~end~~~#FFFFFF^^0~314~-675~270~3~start~~~#FFFFFF^^0~315~-678^^0~M 312 -675 L 315 -672 L 318 -675#@$P~show~1~1~295~-665~180~gge366~0^^295~-665^^M 295 -665 h 10~#FFFFFF^^0~310~-662~0~B~start~~~#FFFFFF^^0~305~-666~0~1~end~~~#FFFFFF^^0~302~-665^^0~M 305 -662 L 308 -665 L 305 -668","LIB~300~-710~package`SOD-80_L3.5-W1.5-RD`BOM_Supplier`LCSC`BOM_Manufacturer`VISHAY`BOM_Manufacturer Part`LS4148-GS08`BOM_Supplier Part`C84133`BOM_JLCPCB Part Class`Extended Part`spicePre`D`spiceSymbolName`1N4148 SOD-80`~270~0~gge25a5fd21192259b3~1857a970000b4f40a8e3ceb5daa252c0~27e23688b09b4731a08ccfac079c0ec5~0~~yes~yes~d49ab98b9cda4ed1a22d31e5c6e2a55c~1635703363~ccf34696b5684a368b4506273c829f91#@$T~N~298.66~-696.81~0~#FFFFFF~Arial~~~~~comment~1N4148~1~start~gge404~0~#@$T~P~304.03~-706.81~0~#FFFFFF~Arial~~~~~comment~D1~1~start~gge406~0~#@$PL~294 -715 306 -715~#FFFFFF~1~0~none~gge408~0#@$P~show~0~2~300~-690~270~gge409~0^^300~-690^^M 300 -690 v -15~#FFFFFF^^0~303~-708~270~A~start~~~#FFFFFF^^0~299~-699~270~2~end~~~#FFFFFF^^0~300~-702^^0~M 303 -705 L 300 -708 L 297 -705#@$P~show~0~1~300~-730~90~gge416~0^^300~-730^^M 300 -730 v 15~#FFFFFF^^0~303~-712~270~C~end~~~#FFFFFF^^0~299~-721~270~1~start~~~#FFFFFF^^0~300~-718^^0~M 297 -715 L 300 -712 L 303 -715#@$PT~M 306 -705 L 300 -715 L 294 -705 Z ~#FFFFFF~1~0~#FFFFFF~gge423~0~","LIB~430~-710~package`CONN-TH_XY2500R-C-5.08-3P`BOM_Supplier`LCSC`BOM_Supplier Part`C505807`BOM_Manufacturer`--`BOM_Manufacturer Part`XY2500R-C-5.08-3P`Contributor`LCSC`BOM_JLCPCB Part Class`Extended Part`spicePre`C`spiceSymbolName`5.08-3P`~~0~gge62b52a305b97df86~168da279b72f43d18fff5fdda42ff77d~ba2df896d0bc45cb8fd66a8f941d7714~0~~yes~yes~04f51c8dfee14aa3980ee5ee620fde15~1637512475~957e9c6389e543f88c0ef6ab4141914e#@$T~N~414.49~-733.52~0~#FFFFFF~Arial~~~~~comment~5.08-3P~1~start~gge822~0~#@$T~P~414.49~-742.11~0~#FFFFFF~Arial~~~~~comment~CN1~1~start~gge824~0~#@$R~420~-730~2~2~20~40~#FFFFFF~1~0~none~gge826~0~#@$E~425~-725~1.5~1.5~#FFFFFF~1~0~#FFFFFF~gge827~0#@$P~show~0~1~410~-720~180~gge828~0^^410~-720^^M 410 -720 h 10~#FFFFFF^^1~423.7~-716~0~1~start~~~#FFFFFF^^1~419.5~-721~0~1~end~~~#FFFFFF^^0~417~-720^^0~M 420 -717 L 423 -720 L 420 -723#@$P~show~0~2~410~-710~180~gge835~0^^410~-710^^M 410 -710 h 10~#FFFFFF^^1~423.7~-706~0~2~start~~~#FFFFFF^^1~419.5~-711~0~2~end~~~#FFFFFF^^0~417~-710^^0~M 420 -707 L 423 -710 L 420 -713#@$P~show~0~3~410~-700~180~gge842~0^^410~-700^^M 410 -700 h 10~#FFFFFF^^1~423.7~-696~0~3~start~~~#FFFFFF^^1~419.5~-701~0~3~end~~~#FFFFFF^^0~417~-700^^0~M 420 -697 L 423 -700 L 420 -703","W~410 -710 400 -710~#FFFFFF~1~0~none~gge879~0","F~part_netLabel_gnD~315~-640~0~gge882~~0^^315~-640^^GND~#FFFFFF~302~-614~0~start~1~Times New Roman~9pt~flag_gge5^^PL~315 -630 315 -640~#FFFFFF~1~0~transparent~gge886~0^^PL~306 -630 324 -630~#FFFFFF~1~0~transparent~gge887~0^^PL~309 -628 321 -628~#FFFFFF~1~0~transparent~gge888~0^^PL~312 -626 318 -626~#FFFFFF~1~0~transparent~gge889~0^^PL~314 -624 316 -624~#FFFFFF~1~0~transparent~gge890~0","W~315 -645 315 -640~#FFFFFF~1~0~none~gge900~0","LIB~265~-665~package`R0805`nameAlias`Value(\u03a9)`BOM_Supplier Part``BOM_Supplier``Contributor`LCEDA_Lib`spicePre`R`spiceSymbolName`R_0805_US`BOM_Manufacturer Part``~~0~gge8248e48c738e867b~b60f399a7a7e41848b2be1eb49c79141~9698a5ebc38f435fb5a5f9ff5b84927c~0~~yes~yes~~1586861910~#@$T~N~259.03125~-673~0~#FFFFFF~Arial~~~~~comment~1k~1~start~gge901~0~#@$T~P~259.0390625~-681.84375~0~#FFFFFF~Arial~~~~~comment~R1~1~start~gge903~0~#@$PL~280 -665 277 -660~#FFFFFF~1~0~none~gge905~0#@$PL~272 -670 267 -660~#FFFFFF~1~0~none~gge906~0#@$PL~277 -660 272 -670~#FFFFFF~1~0~none~gge907~0#@$P~show~0~2~285~-665~0~gge908~0^^285~-665^^M 285 -665 h -5~#FFFFFF^^0~276~-665~0~2~end~~~#FFFFFF^^0~284~-669~0~2~start~~~#FFFFFF^^0~283~-665^^0~M 280 -668 L 277 -665 L 280 -662#@$PL~258 -660 253 -670~#FFFFFF~1~0~none~gge915~0#@$PL~267 -660 263 -670~#FFFFFF~1~0~none~gge916~0#@$PL~263 -670 258 -660~#FFFFFF~1~0~none~gge917~0#@$PL~253 -670 250 -665~#FFFFFF~1~0~none~gge918~0#@$P~show~0~1~245~-665~180~gge919~0^^245~-665^^M 245 -665 h 5~#FFFFFF^^0~254~-665~0~1~start~~~#FFFFFF^^0~246~-669~0~1~end~~~#FFFFFF^^0~247~-665^^0~M 250 -662 L 253 -665 L 250 -668","LIB~290~-640~package`R0805`nameAlias`Value(\u03a9)`BOM_Supplier Part``BOM_Supplier``Contributor`LCEDA_Lib`spicePre`R`spiceSymbolName`R_0805_US`BOM_Manufacturer Part``~90~0~gge1c0ad0ae146e312a~b60f399a7a7e41848b2be1eb49c79141~9698a5ebc38f435fb5a5f9ff5b84927c~0~~yes~yes~~1586861910~#@$T~N~297.3125~-636.75~0~#FFFFFF~Arial~~~~~comment~10k~1~start~gge928~0~#@$T~P~299.046875~-646.7578125~0~#FFFFFF~Arial~~~~~comment~R2~1~start~gge930~0~#@$PL~290 -655 295 -652~#FFFFFF~1~0~none~gge932~0#@$PL~285 -647 295 -642~#FFFFFF~1~0~none~gge933~0#@$PL~295 -652 285 -647~#FFFFFF~1~0~none~gge934~0#@$P~show~0~2~290~-660~90~gge935~0^^290~-660^^M 290 -660 v 5~#FFFFFF^^0~290~-651~270~2~end~~~#FFFFFF^^0~286~-659~270~2~start~~~#FFFFFF^^0~290~-658^^0~M 287 -655 L 290 -652 L 293 -655#@$PL~295 -633 285 -628~#FFFFFF~1~0~none~gge942~0#@$PL~295 -642 285 -638~#FFFFFF~1~0~none~gge943~0#@$PL~285 -638 295 -633~#FFFFFF~1~0~none~gge944~0#@$PL~285 -628 290 -625~#FFFFFF~1~0~none~gge945~0#@$P~show~0~1~290~-620~270~gge946~0^^290~-620^^M 290 -620 v -5~#FFFFFF^^0~290~-629~270~1~start~~~#FFFFFF^^0~286~-621~270~1~end~~~#FFFFFF^^0~290~-622^^0~M 293 -625 L 290 -628 L 287 -625","LIB~135~-695~package`R0805`nameAlias`Value(\u03a9)`BOM_Supplier Part``BOM_Supplier``Contributor`LCEDA_Lib`spicePre`R`spiceSymbolName`R_0805_US`BOM_Manufacturer Part``~90~0~gge0e42f95aa3d4947b~b60f399a7a7e41848b2be1eb49c79141~9698a5ebc38f435fb5a5f9ff5b84927c~0~~yes~yes~~1586861910~#@$T~N~142~-682.8125~0~#FFFFFF~Arial~~~~~comment~1k~1~start~gge955~0~#@$T~P~142.0078125~-691.6484375~0~#FFFFFF~Arial~~~~~comment~R3~1~start~gge957~0~#@$PL~135 -710 140 -707~#FFFFFF~1~0~none~gge959~0#@$PL~130 -702 140 -697~#FFFFFF~1~0~none~gge960~0#@$PL~140 -707 130 -702~#FFFFFF~1~0~none~gge961~0#@$P~show~0~2~135~-715~90~gge962~0^^135~-715^^M 135 -715 v 5~#FFFFFF^^0~135~-706~270~2~end~~~#FFFFFF^^0~131~-714~270~2~start~~~#FFFFFF^^0~135~-713^^0~M 132 -710 L 135 -707 L 138 -710#@$PL~140 -688 130 -683~#FFFFFF~1~0~none~gge969~0#@$PL~140 -697 130 -693~#FFFFFF~1~0~none~gge970~0#@$PL~130 -693 140 -688~#FFFFFF~1~0~none~gge971~0#@$PL~130 -683 135 -680~#FFFFFF~1~0~none~gge972~0#@$P~show~0~1~135~-675~270~gge973~0^^135~-675^^M 135 -675 v -5~#FFFFFF^^0~135~-684~270~1~start~~~#FFFFFF^^0~131~-676~270~1~end~~~#FFFFFF^^0~135~-677^^0~M 138 -680 L 135 -683 L 132 -680","F~part_netLabel_gnD~135~-625~0~gge1008~~0^^135~-625^^GND~#FFFFFF~122~-599~0~start~1~Times New Roman~9pt~flag_gge6^^PL~135 -615 135 -625~#FFFFFF~1~0~transparent~gge1012~0^^PL~126 -615 144 -615~#FFFFFF~1~0~transparent~gge1013~0^^PL~129 -613 141 -613~#FFFFFF~1~0~transparent~gge1014~0^^PL~132 -611 138 -611~#FFFFFF~1~0~transparent~gge1015~0^^PL~134 -609 136 -609~#FFFFFF~1~0~transparent~gge1016~0","F~part_netLabel_netPort~135~-720~270~gge1017~~0^^135~-720^^signal~#FFFFFF~137.14~-742.24~270~start~1~Times New Roman~8pt~flag_gge7^^PL~135 -720 130 -725 130 -740 140 -740 140 -725 135 -720~#FFFFFF~1~0~transparent~gge1021~0","F~part_netLabel_netPort~240~-665~0~gge1022~~0^^240~-665^^signal~#FFFFFF~192.19~-661.51~0~start~1~Times New Roman~8pt~flag_gge8^^PL~240 -665 235 -660 220 -660 220 -670 235 -670 240 -665~#FFFFFF~1~0~transparent~gge1026~0","F~part_netLabel_netPort~65~-665~180~gge1032~~0^^65~-665^^signal~#FFFFFF~87.25~-662.86~0~start~1~Times New Roman~8pt~flag_gge9^^PL~65 -665 70 -670 85 -670 85 -660 70 -660 65 -665~#FFFFFF~1~0~transparent~gge1036~0","F~part_netLabel_gnD~290~-615~0~gge1043~~0^^290~-615^^GND~#FFFFFF~277~-589~0~start~1~Times New Roman~9pt~flag_gge10^^PL~290 -605 290 -615~#FFFFFF~1~0~transparent~gge1047~0^^PL~281 -605 299 -605~#FFFFFF~1~0~transparent~gge1048~0^^PL~284 -603 296 -603~#FFFFFF~1~0~transparent~gge1049~0^^PL~287 -601 293 -601~#FFFFFF~1~0~transparent~gge1050~0^^PL~289 -599 291 -599~#FFFFFF~1~0~transparent~gge1051~0","W~295 -665 285 -665~#FFFFFF~1~0~none~gge1052~0","W~290 -660 290 -665~#FFFFFF~1~0~none~gge1053~0","W~290 -615 290 -620~#FFFFFF~1~0~none~gge1055~0","W~330 -690 300 -690~#FFFFFF~1~0~none~gge1056~0","W~330 -730 300 -730~#FFFFFF~1~0~none~gge1057~0","W~315 -685 315 -690 300 -690~#FFFFFF~1~0~none~gge1058~0","W~135 -720 135 -715~#FFFFFF~1~0~none~gge1060~0","W~135 -675 135 -670~#FFFFFF~1~0~none~gge1061~0","W~135 -630 135 -625~#FFFFFF~1~0~none~gge1062~0","W~245 -665 240 -665~#FFFFFF~1~0~none~gge1063~0","F~part_netLabel_VCC~60~-700~0~gge1065~~0^^60~-700^^VCC~#FFFFFF~48~-712~0~start~1~Times New Roman~9pt~flag_gge11^^PL~60 -710 60 -700~#FFFFFF~1~0~transparent~gge1069~0^^PL~55 -710 65 -710~#FFFFFF~1~0~transparent~gge1070~0","F~part_netLabel_VCC~315~-740~0~gge1071~~0^^315~-740^^VCC~#FFFFFF~303~-752~0~start~1~Times New Roman~9pt~flag_gge12^^PL~315 -750 315 -740~#FFFFFF~1~0~transparent~gge1075~0^^PL~310 -750 320 -750~#FFFFFF~1~0~transparent~gge1076~0","F~part_netLabel_gnD~75~-685~90~gge1083~~0^^75~-685^^GND~#FFFFFF~91.5~-680.9375~0~start~1~Times New Roman~9pt~flag_gge13^^PL~85 -685 75 -685~#FFFFFF~1~0~transparent~gge1087~0^^PL~85 -676 85 -694~#FFFFFF~1~0~transparent~gge1088~0^^PL~87 -679 87 -691~#FFFFFF~1~0~transparent~gge1089~0^^PL~89 -682 89 -688~#FFFFFF~1~0~transparent~gge1090~0^^PL~91 -684 91 -686~#FFFFFF~1~0~transparent~gge1091~0","W~60 -700 60 -695 55 -695~#FFFFFF~1~0~none~gge1101~0","W~315 -740 315 -730 300 -730~#FFFFFF~1~0~none~gge1103~0","W~410 -700 385 -700 385 -725 400 -725 400 -730~#FFFFFF~1~0~none~gge1105~0","W~410 -720 425 -720 425 -690 400 -690~#FFFFFF~1~0~none~gge1106~0","W~55 -675 65 -675 65 -665~#FFFFFF~1~0~none~gge1107~0","W~75 -685 55 -685~#FFFFFF~1~0~none~gge1108~0","LIB~35~-700~package`SMD-HDR_3P_2.54`BOM_Supplier Part``BOM_Supplier``BOM_Manufacturer Part``Contributor`LCSC`spicePre`H`spiceSymbolName`3P SMD`Package Display`No`~180~0~gge5fd467cedf503bc2~7c957b0b1dbf47638eb9aa7d7388c697~8e2d47ae424241a299c74d71b31f40d7~0~~yes~yes~f3e86071e8dd4478b63d37cac59038ae~1638721143~bef0f54f7ab84283ba06a20bff2f5ee7#@$T~N~35.03125~-708~0~#FFFFFF~Arial~~~~~comment~3P SMD~0~start~gge1192~0~#@$T~P~29.046875~-706.75~0~#FFFFFF~Arial~~~~~comment~H1~1~start~gge1135~0~#@$R~25~-705~2~2~20~40~#FFFFFF~1~0~none~gge1137~0~#@$E~40~-670~1.5~1.5~#FFFFFF~1~0~#FFFFFF~gge1138~0#@$P~show~0~1~55~-675~0~gge1139~0^^55~-675^^M 55 -675 h -10~#FFFFFF^^1~41.3~-671~0~1~end~~~#FFFFFF^^1~45.5~-676~0~1~start~~~#FFFFFF^^0~48~-675^^0~M 45 -678 L 42 -675 L 45 -672#@$P~show~0~2~55~-685~0~gge1146~0^^55~-685^^M 55 -685 h -10~#FFFFFF^^1~41.3~-681~0~2~end~~~#FFFFFF^^1~45.5~-686~0~2~start~~~#FFFFFF^^0~48~-685^^0~M 45 -688 L 42 -685 L 45 -682#@$P~show~0~3~55~-695~0~gge1153~0^^55~-695^^M 55 -695 h -10~#FFFFFF^^1~41.3~-691~0~3~end~~~#FFFFFF^^1~45.5~-696~0~3~start~~~#FFFFFF^^0~48~-695^^0~M 45 -698 L 42 -695 L 45 -692","J~290~-665~2.5~#FFFFFF~gge1054~0","J~300~-690~2.5~#FFFFFF~gge1193~0","J~300~-730~2.5~#FFFFFF~gge1194~0"],"BBox":{"x":0,"y":-806.8,"width":1149,"height":807.4},"colors":{"background":"#000000","grid":"#CCCCCC","select":"#FF0000","wire":"#FFFFFF","bus":"#FFFFFF","busEntry":"#FFFFFF","netLabel":"#FFFFFF","netFlag":"#FFFFFF","noConnect":"#FFFFFF","voltageProbe":"#FFFFFF","pin":"#FFFFFF","pinName":"#FFFFFF","pinNumber":"#FFFFFF","partGraphics":"#FFFFFF","partGraphicsName":"#FFFFFF","partGraphicsPrefix":"#FFFFFF","sheet":"#FFFFFF","draw":"#FFFFFF","drawFill":"#FFFFFF","text":"#FFFFFF","arrow":"#FFFFFF","junction":"#FFFFFF"}}}],"docType":5,"title":"Basic Relay Board","name":"Basic Relay Board"}