{"schematics":[{"docType":1,"title":"shematich","dataStr":{"head":{"docType":"1","editorVersion":"6.4.29","newgId":true,"c_para":{"Prefix Start":"1"},"c_spiceCmd":"null","hasIdFlag":true,"uuid":"0f65362bec6f4729b83c30927f5a3c7f","x":"0","y":"0","portOfADImportHack":"","importFlag":0,"transformList":""},"canvas":"CA~1000~1000~#FFFFFF~yes~#CCCCCC~5~1000~1000~line~5~pixel~5~0~0","shape":["LIB~0~-806~package`NONE`BOM_Manufacturer Part`?`spicePre`.`~~0~frame_lib_1~~~0~~yes~yes~~~#@$T~N~570.5~-809~0~#880000~Arial~~~~~comment~A~0~start~gge78~0~#@$PT~M 206 -796 L 206 -806 M 206 -10 L 206 0 M 402 -796 L 402 -806 M 402 -10 L 402 0 M 598 -796 L 598 -806 M 598 -10 L 598 0 M 794 -796 L 794 -806 M 794 -10 L 794 0 M 990 -796 L 990 -806 M 990 -10 L 990 0 M 10 -600 L 0 -600 M 1139 -600 L 1149 -600 M 10 -404 L 0 -404 M 1139 -404 L 1149 -404 M 10 -208 L 0 -208 M 1139 -208 L 1149 -208 M 10 -12 L 0 -12 M 1139 -12 L 1149 -12~#880000~1~0~none~gge6~0~frame_tick#@$T~P~571.5~-818~0~#880000~Arial~~~~~comment~A~0~start~gge77~0~#@$T~L~1.5~-698~0~#880000~~~~~~comment~A~1~start~gge7~0~frame_tick#@$T~L~1140.5~-698~0~#880000~~~~~~comment~A~1~start~gge9~0~frame_tick#@$T~L~1.5~-502~0~#880000~~~~~~comment~B~1~start~gge11~0~frame_tick#@$T~L~1140.5~-502~0~#880000~~~~~~comment~B~1~start~gge13~0~frame_tick#@$T~L~1.5~-306~0~#880000~~~~~~comment~C~1~start~gge15~0~frame_tick#@$T~L~1140.5~-306~0~#880000~~~~~~comment~C~1~start~gge17~0~frame_tick#@$T~L~1.5~-110~0~#880000~~~~~~comment~D~1~start~gge19~0~frame_tick#@$T~L~1140.5~-110~0~#880000~~~~~~comment~D~1~start~gge21~0~frame_tick#@$T~L~108~-797.5~0~#880000~~~~~~comment~1~1~start~gge23~0~frame_tick#@$T~L~108~-1.5~0~#880000~~~~~~comment~1~1~start~gge25~0~frame_tick#@$T~L~304~-797.5~0~#880000~~~~~~comment~2~1~start~gge27~0~frame_tick#@$T~L~304~-1.5~0~#880000~~~~~~comment~2~1~start~gge29~0~frame_tick#@$T~L~500~-797.5~0~#880000~~~~~~comment~3~1~start~gge31~0~frame_tick#@$T~L~500~-1.5~0~#880000~~~~~~comment~3~1~start~gge33~0~frame_tick#@$T~L~696~-797.5~0~#880000~~~~~~comment~4~1~start~gge35~0~frame_tick#@$T~L~696~-1.5~0~#880000~~~~~~comment~4~1~start~gge37~0~frame_tick#@$T~L~892~-797.5~0~#880000~~~~~~comment~5~1~start~gge39~0~frame_tick#@$T~L~892~-1.5~0~#880000~~~~~~comment~5~1~start~gge41~0~frame_tick#@$R~10~-796~~~1129~786~#880000~1~0~none~gge43~0~frame_innerbox#@$R~0~-806~~~1149~806~#880000~1~0~none~gge44~0~frame_outbox#@$R~694.99995~-90~~~444~80~#880000~1~0~none~gge45~0~frame_hitarea#@$PL~695.1 -50.75 1138.63 -50.75~#880000~1~0~none~gge46~0#@$PL~799.63 -30.75 1138.63 -30.75~#880000~1~0~none~gge47~0#@$PL~1059.61 -89.93 1059.63 -50.75~#880000~1~0~none~gge48~0#@$PL~1059.63 -50.75 1059.63 -30.75~#880000~1~0~none~gge49~0#@$T~L~699.99995~-77~0~#880000~~8pt~~~~comment~TITLE:~1~start~gge50~0~pinpart#@$T~L~757.62495~-64.41~0~#880000~~10pt~~~~comment~SPX3819 Basic Board~1~start~gge52~0~frame_title#@$T~L~1064.62495~-63.75~0~#880000~~8pt~~~~comment~REV:~1~start~gge54~0~pinpart#@$T~L~1102.62495~-63.75~0~#880000~~9pt~~~~comment~1.0~1~start~gge56~0~frame_version#@$T~L~804.62495~-15~0~#880000~~8pt~~~~comment~Date:~1~start~gge58~0~pinpart#@$T~L~851.62495~-14.52~0~#880000~~9pt~~~~comment~2021-12-10~1~start~gge60~0~frame_date#@$T~L~1063.62495~-35~0~#880000~~8pt~~~~comment~Sheet:~1~start~gge62~0~pinpart#@$T~L~1108.62495~-34.52~0~#880000~~9pt~~~~comment~1\/1~1~start~gge64~0~frame_sheet#@$T~L~943.62495~-14.75~0~#880000~~8pt~~~~comment~Drawn By:~1~start~gge66~0~pinpart#@$T~L~1008.63~-14.75~0~#880000~~9pt~~~~comment~Efkan G\u00fcvenir~1~start~gge68~0~frame_drawn#@$T~L~804.62495~-36.75~0~#880000~~8pt~~~~comment~Company:~1~start~gge70~0~pinpart#@$T~L~871.24995~-36.64~0~#880000~~9pt~~~~comment~Doruk Teknik~1~start~gge72~0~frame_company#@$PL~799.63 -50.75 799.63 -10.75~#880000~1~0~none~gge74~0","LIB~295~-655~package`SOT-23-5_L3.0-W1.7-P0.95-LS2.8-BR`BOM_Supplier`LCSC`BOM_Manufacturer`EXAR`BOM_Manufacturer Part`SPX3819M5-L-3-3\/TR`BOM_Supplier Part`C9055`BOM_JLCPCB Part Class`Extended Part`spicePre`U`spiceSymbolName`SPX3819M5-L-3-3\/TR`Package Display`No`~~0~gge4f19502a3c223259~e7f085e4f71344109c090040716070ab~1f3ff27646ac43ae906b1c02a138dc6b~0~~yes~yes~3e389e0350ae4c30be21da8cae31d4ef~1624241337~f2f5e03fe7e2456e946cbcf5ef51eb31#@$T~N~248.71875~-696.75~0~#000080~Arial~~~~~comment~SPX3819M5-L-3-3\/TR~1~start~gge334~0~#@$T~P~289.0390625~-707~0~#000080~Arial~~~~~comment~U1~1~start~gge336~0~#@$R~270~-695~~~50~80~#880000~1~0~none~gge338~0~#@$P~show~0~1~250~-675~180~gge339~0^^250~-675^^M 250 -675 h 20~#880000^^1~272~-672~0~IN~start~~~#0000FF^^1~265~-676~0~1~end~~~#0000FF^^0~267~-675^^0~M 270 -672 L 273 -675 L 270 -678#@$P~show~0~2~250~-655~180~gge346~0^^250~-655^^M 250 -655 h 20~#880000^^1~272~-652~0~GND~start~~~#0000FF^^1~265~-656~0~2~end~~~#0000FF^^0~267~-655^^0~M 270 -652 L 273 -655 L 270 -658#@$P~show~0~3~250~-635~180~gge353~0^^250~-635^^M 250 -635 h 20~#880000^^1~272~-632~0~EN~start~~~#0000FF^^1~265~-636~0~3~end~~~#0000FF^^0~267~-635^^0~M 270 -632 L 273 -635 L 270 -638#@$P~show~0~4~340~-645~0~gge360~0^^340~-645^^M 340 -645 h -20~#880000^^1~318~-642~0~BYP~end~~~#0000FF^^1~325~-646~0~4~start~~~#0000FF^^0~323~-645^^0~M 320 -648 L 317 -645 L 320 -642#@$P~show~0~5~340~-665~0~gge367~0^^340~-665^^M 340 -665 h -20~#880000^^1~318~-662~0~OUT~end~~~#0000FF^^1~325~-666~0~5~start~~~#0000FF^^0~323~-665^^0~M 320 -668 L 317 -665 L 320 -662","F~part_netLabel_gnD~245~-625~0~gge419~~0^^245~-625^^GND~#000000~232.015625~-597.71875~0~start~1~Times New Roman~9pt~flag_gge7^^PL~245 -615 245 -625~#000000~1~0~transparent~gge423~0^^PL~236 -615 254 -615~#000000~1~0~transparent~gge424~0^^PL~239 -613 251 -613~#000000~1~0~transparent~gge425~0^^PL~242 -611 248 -611~#000000~1~0~transparent~gge426~0^^PL~244 -609 246 -609~#000000~1~0~transparent~gge427~0","F~part_netLabel_VCC~135~-680~0~gge437~~0^^135~-680^^Vin~#000000~125.859375~-690.9375~0~start~1~Times New Roman~9pt~flag_gge10^^PL~135 -690 135 -680~#000000~1~0~transparent~gge441~0^^PL~130 -690 140 -690~#000000~1~0~transparent~gge442~0","F~part_netLabel_VCC~485~-675~0~gge449~~0^^485~-675^^Vout~#000000~473~-687~0~start~1~Times New Roman~9pt~flag_gge13^^PL~485 -685 485 -675~#000000~1~0~transparent~gge453~0^^PL~480 -685 490 -685~#000000~1~0~transparent~gge454~0","W~340 -665 485 -665 485 -675~#008800~1~0~none~gge461~0","W~250 -675 135 -675 135 -680~#008800~1~0~none~gge462~0","W~250 -635 240 -635~#008800~1~0~none~gge519~0","W~200 -635 195 -635 195 -675~#008800~1~0~none~gge520~0","W~250 -655 245 -655 245 -625~#00FFFF~1~0~none~gge524~0","LIB~220~-635~package`R0805`nameAlias`Value(\u03a9)`BOM_Supplier Part``BOM_Supplier``Contributor`LCEDA_Lib`spicePre`R`spiceSymbolName`R_0805_US`BOM_Manufacturer Part``Package Display`No`~~0~gged5111678f0b9c4a6~b60f399a7a7e41848b2be1eb49c79141~9698a5ebc38f435fb5a5f9ff5b84927c~0~~yes~yes~~1586861910~#@$T~N~212.4609375~-641.8046875~0~#000080~Arial~~~~~comment~10k~1~start~gge590~0~#@$T~P~214.046875~-651.8046875~0~#000080~Arial~~~~~comment~R1~1~start~gge592~0~#@$PL~235 -635 232 -630~#880000~1~0~none~gge594~0#@$PL~227 -640 222 -630~#880000~1~0~none~gge595~0#@$PL~232 -630 227 -640~#880000~1~0~none~gge596~0#@$P~show~0~2~240~-635~0~gge597~0^^240~-635^^M 240 -635 h -5~#880000^^0~231~-635~0~2~end~~~#0000FF^^0~239~-639~0~2~start~~~#0000FF^^0~238~-635^^0~M 235 -638 L 232 -635 L 235 -632#@$PL~213 -630 208 -640~#880000~1~0~none~gge604~0#@$PL~222 -630 218 -640~#880000~1~0~none~gge605~0#@$PL~218 -640 213 -630~#880000~1~0~none~gge606~0#@$PL~208 -640 205 -635~#880000~1~0~none~gge607~0#@$P~show~0~1~200~-635~180~gge608~0^^200~-635^^M 200 -635 h 5~#880000^^0~209~-635~0~1~start~~~#0000FF^^0~201~-639~0~1~end~~~#0000FF^^0~202~-635^^0~M 205 -632 L 208 -635 L 205 -638","F~part_netLabel_gnD~145~-635~0~gge1094~~0^^145~-635^^GND~#000000~132.015625~-607.71875~0~start~1~Times New Roman~9pt~gge1100^^PL~145 -625 145 -635~#000000~1~0~transparent~gge1106~0^^PL~136 -625 154 -625~#000000~1~0~transparent~gge1109~0^^PL~139 -623 151 -623~#000000~1~0~transparent~gge1112~0^^PL~142 -621 148 -621~#000000~1~0~transparent~gge1115~0^^PL~144 -619 146 -619~#000000~1~0~transparent~gge1118~0","F~part_netLabel_gnD~370~-625~0~gge1124~~0^^370~-625^^GND~#000000~357.015625~-597.71875~0~start~1~Times New Roman~9pt~gge1130^^PL~370 -615 370 -625~#000000~1~0~transparent~gge1136~0^^PL~361 -615 379 -615~#000000~1~0~transparent~gge1139~0^^PL~364 -613 376 -613~#000000~1~0~transparent~gge1142~0^^PL~367 -611 373 -611~#000000~1~0~transparent~gge1145~0^^PL~369 -609 371 -609~#000000~1~0~transparent~gge1148~0","LIB~435~-645~package`R0805`nameAlias`Value(\u03a9)`BOM_Supplier Part``BOM_Supplier``Contributor`LCEDA_Lib`spicePre`R`spiceSymbolName`R_0805_US`BOM_Manufacturer Part``~90~0~ggef2244b97a15358d7~b60f399a7a7e41848b2be1eb49c79141~9698a5ebc38f435fb5a5f9ff5b84927c~0~~yes~yes~~1586861910~#@$T~N~442~-632.75~0~#000080~Arial~~~~~comment~1k~1~start~gge1226~0~#@$T~P~442.0078125~-641.8515625~0~#000080~Arial~~~~~comment~R2~1~start~gge1232~0~#@$PL~435 -660 440 -657~#A00000~1~0~none~gge1238~0#@$PL~430 -652 440 -647~#A00000~1~0~none~gge1241~0#@$PL~440 -657 430 -652~#A00000~1~0~none~gge1244~0#@$P~show~0~2~435~-665~90~gge1247~0^^435~-665^^M 435 -665 v 5~#800^^0~435~-656~270~2~end~~~#800^^0~431~-664~270~2~start~~~#800^^0~435~-663^^0~M 432 -660 L 435 -657 L 438 -660#@$PL~440 -638 430 -633~#A00000~1~0~none~gge1268~0#@$PL~440 -647 430 -643~#A00000~1~0~none~gge1271~0#@$PL~430 -643 440 -638~#A00000~1~0~none~gge1274~0#@$PL~430 -633 435 -630~#A00000~1~0~none~gge1277~0#@$P~show~0~1~435~-625~270~gge1280~0^^435~-625^^M 435 -625 v -5~#800^^0~435~-634~270~1~start~~~#800^^0~431~-626~270~1~end~~~#800^^0~435~-627^^0~M 438 -630 L 435 -633 L 432 -630","LIB~435~-600~package`LED1206-R-RD`BOM_Supplier`LCSC`BOM_Supplier Part`C192678`BOM_Manufacturer`TOGIALED`BOM_Manufacturer Part`TJ-S3216SW9TGLC2G-A5`Contributor`LCSC`BOM_JLCPCB Part Class`Extended Part`spicePre`L`spiceSymbolName`LED-1206`~270~0~gge589c208c8ffe5fc6~0a940a525b9c48ed84e36ff31ec5bcc7~578682a2a6bb4c65927bcd46a7a83d03~0~~yes~yes~bedde9d572484f5881a24aec84cb80fd~1638718675~4efcf0372ed341558384bae5a2cb70e6#@$T~N~454~-587.84375~0~#000080~Arial~~~~~comment~LED-1206~0~start~gge1569~0~#@$T~P~448.34~-601.75~0~#000080~Arial~~~~~comment~LED1~1~start~gge1389~0~#@$PT~M 448 -585 L 446 -589 L 444 -587 Z ~#880000~1~0~#880000~gge1395~0~#@$PT~M 452 -589 L 450 -593 L 448 -591 Z ~#880000~1~0~#880000~gge1398~0~#@$P~show~0~2~435~-580~270~gge1401~0^^435~-580^^M 435 -580 v -15~#800^^0~435~-599~270~K~start~~~#800^^0~431~-591~270~2~end~~~#800^^0~435~-592^^0~M 438 -595 L 435 -598 L 432 -595#@$PL~441 -592 448 -585~#880000~1~0~none~gge1422~0#@$PL~445 -596 452 -589~#880000~1~0~none~gge1425~0#@$P~show~0~1~435~-620~90~gge1428~0^^435~-620^^M 435 -620 v 15~#800^^0~435~-601~270~A~end~~~#800^^0~431~-609~270~1~start~~~#800^^0~435~-608^^0~M 432 -605 L 435 -602 L 438 -605#@$PL~443 -595 427 -595~#880000~1~0~none~gge1449~0#@$PT~M 429 -605 L 435 -595 L 442 -605 Z ~#880000~1~0~#880000~gge1452~0~","F~part_netLabel_gnD~435~-580~0~gge1539~~0^^435~-580^^GND~#000000~422.015625~-552.71875~0~start~1~Times New Roman~9pt~gge1545^^PL~435 -570 435 -580~#000000~1~0~transparent~gge1551~0^^PL~426 -570 444 -570~#000000~1~0~transparent~gge1554~0^^PL~429 -568 441 -568~#000000~1~0~transparent~gge1557~0^^PL~432 -566 438 -566~#000000~1~0~transparent~gge1560~0^^PL~434 -564 436 -564~#000000~1~0~transparent~gge1563~0","W~435 -625 435 -620~#008800~1~0~none~gge1566~0","LIB~55~-665~package`SMD-HDR_3P_2.54`BOM_Supplier Part``BOM_Supplier``BOM_Manufacturer Part``Contributor`LCSC`spicePre`H`spiceSymbolName`3P SMD`~180~0~gge81e50bbc9b934b3e~7c957b0b1dbf47638eb9aa7d7388c697~8e2d47ae424241a299c74d71b31f40d7~0~~yes~yes~f3e86071e8dd4478b63d37cac59038ae~1638721143~bef0f54f7ab84283ba06a20bff2f5ee7#@$T~N~55.03125~-673~0~#000080~Arial~~~~~comment~3P SMD~0~start~gge1848~0~#@$T~P~49.046875~-671.8515625~0~#000080~Arial~~~~~comment~H1~1~start~gge1578~0~#@$R~45~-670~2~2~20~40~#880000~1~0~none~gge1584~0~#@$E~60~-635~1.5~1.5~#880000~1~0~#880000~gge1587~0#@$P~show~0~1~75~-640~0~gge1590~0^^75~-640^^M 75 -640 h -10~#880000^^1~61.3~-636~0~1~end~~~#0000FF^^1~65.5~-641~0~1~start~~~#0000FF^^0~68~-640^^0~M 65 -643 L 62 -640 L 65 -637#@$P~show~0~2~75~-650~0~gge1611~0^^75~-650^^M 75 -650 h -10~#880000^^1~61.3~-646~0~2~end~~~#0000FF^^1~65.5~-651~0~2~start~~~#0000FF^^0~68~-650^^0~M 65 -653 L 62 -650 L 65 -647#@$P~show~0~3~75~-660~0~gge1632~0^^75~-660^^M 75 -660 h -10~#880000^^1~61.3~-656~0~3~end~~~#0000FF^^1~65.5~-661~0~3~start~~~#0000FF^^0~68~-660^^0~M 65 -663 L 62 -660 L 65 -657","LIB~575~-630~package`SMD-HDR_3P_2.54`BOM_Supplier Part``BOM_Supplier``BOM_Manufacturer Part``Contributor`LCSC`spicePre`H`spiceSymbolName`3P SMD`~0~0~ggeac68965661dacf03~7c957b0b1dbf47638eb9aa7d7388c697~8e2d47ae424241a299c74d71b31f40d7~0~~yes~yes~f3e86071e8dd4478b63d37cac59038ae~1638721143~bef0f54f7ab84283ba06a20bff2f5ee7#@$T~N~563.046875~-668~0~#000080~Arial~~~~~comment~3P SMD~0~start~gge1890~0~#@$T~P~569.0390625~-666.75~0~#000080~Arial~~~~~comment~H2~1~start~gge1665~0~#@$R~565~-665~2~2~20~40~#880000~1~0~none~gge1671~0~#@$E~570~-660~1.5~1.5~#880000~1~0~#880000~gge1674~0#@$P~show~0~1~555~-655~180~gge1677~0^^555~-655^^M 555 -655 h 10~#880000^^1~568.7~-651~0~1~start~~~#0000FF^^1~564.5~-656~0~1~end~~~#0000FF^^0~562~-655^^0~M 565 -652 L 568 -655 L 565 -658#@$P~show~0~2~555~-645~180~gge1698~0^^555~-645^^M 555 -645 h 10~#880000^^1~568.7~-641~0~2~start~~~#0000FF^^1~564.5~-646~0~2~end~~~#0000FF^^0~562~-645^^0~M 565 -642 L 568 -645 L 565 -648#@$P~show~0~3~555~-635~180~gge1719~0^^555~-635^^M 555 -635 h 10~#880000^^1~568.7~-631~0~3~start~~~#0000FF^^1~564.5~-636~0~3~end~~~#0000FF^^0~562~-635^^0~M 565 -632 L 568 -635 L 565 -638","F~part_netLabel_VCC~90~-660~0~gge1830~~0^^90~-660^^Vin~#000000~80.859375~-670.9375~0~start~1~Times New Roman~9pt~gge1836^^PL~90 -670 90 -660~#000000~1~0~transparent~gge1842~0^^PL~85 -670 95 -670~#000000~1~0~transparent~gge1845~0","W~90 -660 75 -660~#008800~1~0~none~gge1851~0","F~part_netLabel_gnD~90~-645~0~gge1860~~0^^90~-645^^GND~#000000~77.015625~-617.71875~0~start~1~Times New Roman~9pt~gge1866^^PL~90 -635 90 -645~#000000~1~0~transparent~gge1872~0^^PL~81 -635 99 -635~#000000~1~0~transparent~gge1875~0^^PL~84 -633 96 -633~#000000~1~0~transparent~gge1878~0^^PL~87 -631 93 -631~#000000~1~0~transparent~gge1881~0^^PL~89 -629 91 -629~#000000~1~0~transparent~gge1884~0","F~part_netLabel_VCC~550~-665~0~gge1896~~0^^550~-665^^Vout~#000000~538~-677~0~start~1~Times New Roman~9pt~gge1902^^PL~550 -675 550 -665~#000000~1~0~transparent~gge1908~0^^PL~545 -675 555 -675~#000000~1~0~transparent~gge1911~0","W~550 -665 550 -655 555 -655~#008800~1~0~none~gge1914~0","F~part_netLabel_gnD~550~-630~0~gge1923~~0^^550~-630^^GND~#000000~537.015625~-602.71875~0~start~1~Times New Roman~9pt~gge1929^^PL~550 -620 550 -630~#000000~1~0~transparent~gge1935~0^^PL~541 -620 559 -620~#000000~1~0~transparent~gge1938~0^^PL~544 -618 556 -618~#000000~1~0~transparent~gge1941~0^^PL~547 -616 553 -616~#000000~1~0~transparent~gge1944~0^^PL~549 -614 551 -614~#000000~1~0~transparent~gge1947~0","W~75 -650 90 -650 90 -645~#008800~1~0~none~gge1953~0","W~555 -645 550 -645 550 -630~#008800~1~0~none~gge1956~0","W~555 -635 550 -635~#008800~1~0~none~gge1959~0","W~75 -640 80 -640 80 -650~#008800~1~0~none~gge1963~0","LIB~145~-655~package`C1206`nameAlias`Value(F)`BOM_Supplier Part``BOM_Supplier``Contributor`LCEDA_Lib`spicePre`C`spiceSymbolName`C_1206_US`BOM_Manufacturer Part``~90~0~gged41c1a9a325c598c~7bdec8012728462a85919a4d0d033579~a39f40cff7f64fcd86eb61f5dfc0bd4f~0~~yes~yes~~1586863230~#@$T~N~155~-642.75~0~#000080~Arial~~~~~comment~1uF~1~start~gge1970~0~#@$T~P~155.0078125~-651.85~0~#000080~Arial~~~~~comment~C1~1~start~gge1976~0~#@$PL~153 -653 137 -653~#A00000~1~0~none~gge1982~0#@$P~show~0~1~145~-635~270~gge1985~0^^145~-635^^M 145 -645 v 10~#800^^0~145~-649~270~1~start~~~#800^^0~141~-641~270~1~end~~~#800^^0~145~-622^^0~M 148 -625 L 145 -628 L 142 -625#@$PL~145 -665 145 -657~#A00000~1~0~none~gge2006~0#@$PL~137 -657 153 -657~#A00000~1~0~none~gge2009~0#@$P~show~0~2~145~-675~90~gge2012~0^^145~-675^^M 145 -665 v -10~#800^^0~145~-661~270~2~end~~~#800^^0~141~-669~270~2~start~~~#800^^0~145~-688^^0~M 142 -685 L 145 -682 L 148 -685#@$PL~145 -653 145 -645~#A00000~1~0~none~gge2033~0","LIB~370~-645~package`C1206`nameAlias`Value(F)`BOM_Supplier Part``BOM_Supplier``Contributor`LCEDA_Lib`spicePre`C`spiceSymbolName`C_1206_US`BOM_Manufacturer Part``~90~0~gge25fb3d50cc36a535~7bdec8012728462a85919a4d0d033579~a39f40cff7f64fcd86eb61f5dfc0bd4f~0~~yes~yes~~1586863230~#@$T~N~380~-632.75~0~#000080~Arial~~~~~comment~10uF~1~start~gge2127~0~#@$T~P~380.0078125~-641.85~0~#000080~Arial~~~~~comment~C2~1~start~gge2133~0~#@$PL~378 -643 362 -643~#A00000~1~0~none~gge2139~0#@$P~show~0~1~370~-625~270~gge2142~0^^370~-625^^M 370 -635 v 10~#800^^0~370~-639~270~1~start~~~#800^^0~366~-631~270~1~end~~~#800^^0~370~-612^^0~M 373 -615 L 370 -618 L 367 -615#@$PL~370 -655 370 -647~#A00000~1~0~none~gge2163~0#@$PL~362 -647 378 -647~#A00000~1~0~none~gge2166~0#@$P~show~0~2~370~-665~90~gge2169~0^^370~-665^^M 370 -655 v -10~#800^^0~370~-651~270~2~end~~~#800^^0~366~-659~270~2~start~~~#800^^0~370~-678^^0~M 367 -675 L 370 -672 L 373 -675#@$PL~370 -643 370 -635~#A00000~1~0~none~gge2190~0","J~195~-675~2.5~#CC0000~gge522~0","J~435~-665~2.5~#CC0000~gge1302~0","J~550~-635~2.5~#CC0000~gge1960~0","J~80~-650~2.5~#CC0000~gge1964~0","J~145~-675~2.5~#CC0000~gge2109~0","J~370~-665~2.5~#CC0000~gge2200~0"],"BBox":{"x":0,"y":-807,"width":1149,"height":807.5},"colors":{"select":"#FF0000"}}}],"docType":5,"title":"SPX3819 Basic Board","name":"SPX3819 Basic Board"}